legalcare.medilawyer.apis.internal.controller.request.ReviewBoostHospitalMessageTemplateCreateModel	plusFriendId	String	apis/internal/controller/request/ReviewBoostHospitalMessageTemplateCreateModel.java	29
legalcare.medilawyer.apis.internal.controller.request.ReviewBoostHospitalMessageTemplateCreateModel	templateName	String	apis/internal/controller/request/ReviewBoostHospitalMessageTemplateCreateModel.java	33
legalcare.medilawyer.apis.internal.controller.request.ReviewBoostHospitalMessageTemplateCreateModel	templateCode	String	apis/internal/controller/request/ReviewBoostHospitalMessageTemplateCreateModel.java	37
legalcare.medilawyer.apis.internal.controller.request.ReviewBoostHospitalMessageTemplateCreateModel	templateContent	String	apis/internal/controller/request/ReviewBoostHospitalMessageTemplateCreateModel.java	41
legalcare.medilawyer.apis.internal.controller.request.ReviewBoostHospitalMessageTemplateCreateModel	buttonType	String	apis/internal/controller/request/ReviewBoostHospitalMessageTemplateCreateModel.java	45
legalcare.medilawyer.apis.internal.controller.request.ReviewBoostHospitalMessageTemplateCreateModel	buttonName	String	apis/internal/controller/request/ReviewBoostHospitalMessageTemplateCreateModel.java	49
legalcare.medilawyer.apis.internal.controller.request.ReviewBoostHospitalMessageTemplateCreateModel	linkMobile	String	apis/internal/controller/request/ReviewBoostHospitalMessageTemplateCreateModel.java	53
legalcare.medilawyer.apis.internal.controller.request.ReviewBoostHospitalMessageTemplateCreateModel	linkPc	String	apis/internal/controller/request/ReviewBoostHospitalMessageTemplateCreateModel.java	57
legalcare.medilawyer.apis.internal.controller.request.ReviewBoostRequestSettingStatusesRequestModel	storeIds	List<Long>	apis/internal/controller/request/ReviewBoostRequestSettingStatusesRequestModel.java	29
legalcare.medilawyer.db.dto.organization.dto.UpdateOrganizationNameReq	organizationName	String	db/dto/organization/dto/UpdateOrganizationNameReq.java	17
legalcare.medilawyer.db.dto.organization.dto.OrganizationRegisterationReq	teamAuthId	String	db/dto/organization/dto/OrganizationRegisterationReq.java	17
legalcare.medilawyer.db.dto.organization.dto.OrganizationRegisterationReq	organizationName	String	db/dto/organization/dto/OrganizationRegisterationReq.java	21
legalcare.medilawyer.db.dto.jwt.RefreshReqDto	refreshToken	String	db/dto/jwt/RefreshReqDto.java	26
legalcare.medilawyer.db.dto.schedule.ManualCrawlingReq	storeChannelIdList	List<Long>	db/dto/schedule/ManualCrawlingReq.java	24
legalcare.medilawyer.db.dto.appUserChannelAccount.AppUserChannelAccountLoginReq	channelId	ChannelId	db/dto/appUserChannelAccount/AppUserChannelAccountLoginReq.java	18
legalcare.medilawyer.db.dto.appUserChannelAccount.AppUserChannelAccountLoginReq	storeName	String	db/dto/appUserChannelAccount/AppUserChannelAccountLoginReq.java	20
legalcare.medilawyer.db.dto.appUserChannelAccount.AppUserChannelAccountLoginReq	accountId	String	db/dto/appUserChannelAccount/AppUserChannelAccountLoginReq.java	22
legalcare.medilawyer.db.dto.appUserChannelAccount.AppUserChannelAccountLoginReq	accountPassword	String	db/dto/appUserChannelAccount/AppUserChannelAccountLoginReq.java	24
legalcare.medilawyer.db.dto.auth.OtpSendReq	email	String	db/dto/auth/OtpSendReq.java	26
legalcare.medilawyer.db.dto.auth.OtpSendReq	otpType	OtpType	db/dto/auth/OtpSendReq.java	28
legalcare.medilawyer.db.dto.auth.LoginReqDto	email	String	db/dto/auth/LoginReqDto.java	20
legalcare.medilawyer.db.dto.auth.LoginReqDto	otpCode	String	db/dto/auth/LoginReqDto.java	22
legalcare.medilawyer.db.dto.auth.SignUpReqDto	email	String	db/dto/auth/SignUpReqDto.java	25
legalcare.medilawyer.db.dto.auth.SignUpReqDto	appUserName	String	db/dto/auth/SignUpReqDto.java	27
legalcare.medilawyer.db.dto.auth.SignUpReqDto	phone	String	db/dto/auth/SignUpReqDto.java	29
legalcare.medilawyer.db.dto.auth.SignUpReqDto	otpCode	String	db/dto/auth/SignUpReqDto.java	31
legalcare.medilawyer.db.dto.admin.StoreCommunityAndKeywordsAddReq	channelId	ChannelId	db/dto/admin/StoreCommunityAndKeywordsAddReq.java	25
legalcare.medilawyer.db.dto.admin.StoreCommunityAndKeywordsAddReq	communityName	String	db/dto/admin/StoreCommunityAndKeywordsAddReq.java	27
legalcare.medilawyer.db.dto.admin.StoreCommunityAndKeywordsAddReq	communityUrl	String	db/dto/admin/StoreCommunityAndKeywordsAddReq.java	29
legalcare.medilawyer.db.dto.admin.StoreCommunityAndKeywordsAddReq	keywordNameList	List<String>	db/dto/admin/StoreCommunityAndKeywordsAddReq.java	31
legalcare.medilawyer.db.dto.admin.Crawling1eaStoreChannelReq	channelId	ChannelId	db/dto/admin/Crawling1eaStoreChannelReq.java	25
legalcare.medilawyer.db.dto.admin.Crawling1eaStoreChannelReq	storeName	String	db/dto/admin/Crawling1eaStoreChannelReq.java	27
legalcare.medilawyer.db.dto.admin.Crawling1eaStoreChannelReq	storeDetail	String	db/dto/admin/Crawling1eaStoreChannelReq.java	29
legalcare.medilawyer.db.dto.admin.Crawling1eaStoreChannelReq	crawlingTime	OffsetDateTime	db/dto/admin/Crawling1eaStoreChannelReq.java	31
legalcare.medilawyer.db.dto.admin.OrganizationAppUserAddReq	organizationId	String	db/dto/admin/OrganizationAppUserAddReq.java	24
legalcare.medilawyer.db.dto.admin.OrganizationAppUserAddReq	organizationAppUserStatus	OrganizationAppUserStatus	db/dto/admin/OrganizationAppUserAddReq.java	28
legalcare.medilawyer.db.dto.admin.OrganizationAppUserAddReq	organizationRole	OrganizationRole	db/dto/admin/OrganizationAppUserAddReq.java	30
legalcare.medilawyer.db.dto.admin.StoreChannelAddReq	channelId	ChannelId	db/dto/admin/StoreChannelAddReq.java	23
legalcare.medilawyer.db.dto.admin.StoreChannelAddReq	storeName	String	db/dto/admin/StoreChannelAddReq.java	25
legalcare.medilawyer.db.dto.admin.StoreChannelAddReq	storeDetail	String	db/dto/admin/StoreChannelAddReq.java	27
legalcare.medilawyer.db.dto.admin.StoreChannelAddReq	channelPlaceId	String	db/dto/admin/StoreChannelAddReq.java	29
legalcare.medilawyer.db.dto.admin.StoreChannelAddReq.LoginAccount	accountId	String	db/dto/admin/StoreChannelAddReq.java	41
legalcare.medilawyer.db.dto.admin.StoreChannelAddReq.LoginAccount	accountPassword	String	db/dto/admin/StoreChannelAddReq.java	43
legalcare.medilawyer.db.dto.scheduler.RegistrationTargetReq	serviceId	String	db/dto/scheduler/RegistrationTargetReq.java	28
legalcare.medilawyer.db.dto.scheduler.RegistrationTargetReq	targetType	TargetType	db/dto/scheduler/RegistrationTargetReq.java	31
legalcare.medilawyer.db.dto.reviewBoost.MessageButtonReq	type	String	db/dto/reviewBoost/MessageButtonReq.java	29
legalcare.medilawyer.db.dto.reviewBoost.MessageButtonReq	name	String	db/dto/reviewBoost/MessageButtonReq.java	32
legalcare.medilawyer.db.dto.reviewBoost.MessagesSendReq	messageType	MessageType	db/dto/reviewBoost/MessagesSendReq.java	47
legalcare.medilawyer.db.dto.reviewBoost.MessagesSendReq	customerName	String	db/dto/reviewBoost/MessagesSendReq.java	51
legalcare.medilawyer.db.dto.reviewBoost.MessagesSendReq	customerPhoneNumber	String	db/dto/reviewBoost/MessagesSendReq.java	57
legalcare.medilawyer.db.dto.reviewBoost.MessagesSendReq	treatment	String	db/dto/reviewBoost/MessagesSendReq.java	61
legalcare.medilawyer.db.dto.reviewBoost.MessagesSendReq	messageTemplateId	String	db/dto/reviewBoost/MessagesSendReq.java	65
legalcare.medilawyer.db.dto.reviewBoost.MessageTemplateCreateReq	templateName	String	db/dto/reviewBoost/MessageTemplateCreateReq.java	25
legalcare.medilawyer.db.dto.reviewBoost.MessageTemplateCreateReq	messageType	MessageType	db/dto/reviewBoost/MessageTemplateCreateReq.java	33
legalcare.medilawyer.db.dto.reviewBoost.TeamMessageTemplateCreateReq	organizationId	String	db/dto/reviewBoost/TeamMessageTemplateCreateReq.java	24
legalcare.medilawyer.db.dto.reviewBoost.TeamMessageTemplateCreateReq	teamId	String	db/dto/reviewBoost/TeamMessageTemplateCreateReq.java	26
legalcare.medilawyer.db.dto.reviewBoost.TeamMessageTemplateCreateReq	templateName	String	db/dto/reviewBoost/TeamMessageTemplateCreateReq.java	29
legalcare.medilawyer.db.dto.reviewBoost.TeamMessageTemplateCreateReq	messageType	MessageType	db/dto/reviewBoost/TeamMessageTemplateCreateReq.java	37
legalcare.medilawyer.db.dto.reviewBoost.PostSaveReq	activeTags	List<String>	db/dto/reviewBoost/PostSaveReq.java	24
legalcare.medilawyer.db.dto.reviewBoost.PostSaveReq	content	String	db/dto/reviewBoost/PostSaveReq.java	26
legalcare.medilawyer.db.dto.reviewBoost.PostSaveReq	customerName	String	db/dto/reviewBoost/PostSaveReq.java	28
legalcare.medilawyer.db.dto.reviewBoost.PostSaveReq	treatment	String	db/dto/reviewBoost/PostSaveReq.java	30
legalcare.medilawyer.db.dto.reviewBoost.GiftSaveReq	name	String	db/dto/reviewBoost/GiftSaveReq.java	23
legalcare.medilawyer.db.dto.reviewBoost.GiftSaveReq	displayName	String	db/dto/reviewBoost/GiftSaveReq.java	25
legalcare.medilawyer.db.dto.reviewBoost.GiftSaveReq	provider	String	db/dto/reviewBoost/GiftSaveReq.java	30
legalcare.medilawyer.db.dto.reviewBoost.MessagesRegistrationReq	messageTemplateId	String	db/dto/reviewBoost/MessagesRegistrationReq.java	23
legalcare.medilawyer.db.dto.reviewBoost.MessagesRegistrationReq	customerName	String	db/dto/reviewBoost/MessagesRegistrationReq.java	25
legalcare.medilawyer.db.dto.reviewBoost.MessagesRegistrationReq	customerPhoneNumber	String	db/dto/reviewBoost/MessagesRegistrationReq.java	27
legalcare.medilawyer.db.dto.reviewBoost.MessagesRegistrationReq	treatment	String	db/dto/reviewBoost/MessagesRegistrationReq.java	29
legalcare.medilawyer.db.dto.postReply.PostReplyAddReq	organizationId	String	db/dto/postReply/PostReplyAddReq.java	23
legalcare.medilawyer.db.dto.postReply.PostReplyAddReq	teamId	String	db/dto/postReply/PostReplyAddReq.java	25
legalcare.medilawyer.db.dto.postReply.PostReplyAddReq	postId	String	db/dto/postReply/PostReplyAddReq.java	27
legalcare.medilawyer.db.dto.postReply.PostReplyAddReq	channelId	ChannelId	db/dto/postReply/PostReplyAddReq.java	29
legalcare.medilawyer.db.dto.postReply.PostReplyAddReq	storeName	String	db/dto/postReply/PostReplyAddReq.java	31
legalcare.medilawyer.db.dto.postReply.PostReplyAddReq	reply	String	db/dto/postReply/PostReplyAddReq.java	33
legalcare.medilawyer.db.dto.airtable.SaveThreadCommentFromAirtableRequest	threadId	String	db/dto/airtable/SaveThreadCommentFromAirtableRequest.java	24
legalcare.medilawyer.db.dto.airtable.SaveThreadCommentFromAirtableRequest	threadCommentId	String	db/dto/airtable/SaveThreadCommentFromAirtableRequest.java	26
legalcare.medilawyer.db.dto.airtable.SaveThreadCommentFromAirtableRequest	content	String	db/dto/airtable/SaveThreadCommentFromAirtableRequest.java	28
legalcare.medilawyer.db.dto.airtable.SaveThreadCommentFromAirtableRequest	author	String	db/dto/airtable/SaveThreadCommentFromAirtableRequest.java	30
legalcare.medilawyer.db.dto.airtable.SaveThreadCommentFromAirtableRequest	authorAt	OffsetDateTime	db/dto/airtable/SaveThreadCommentFromAirtableRequest.java	32
legalcare.medilawyer.db.dto.airtable.SaveThreadReplyFromAirtableRequest	threadCommentId	String	db/dto/airtable/SaveThreadReplyFromAirtableRequest.java	25
legalcare.medilawyer.db.dto.airtable.SaveThreadReplyFromAirtableRequest	threadReplyId	String	db/dto/airtable/SaveThreadReplyFromAirtableRequest.java	27
legalcare.medilawyer.db.dto.airtable.SaveThreadReplyFromAirtableRequest	content	String	db/dto/airtable/SaveThreadReplyFromAirtableRequest.java	29
legalcare.medilawyer.db.dto.airtable.SaveThreadReplyFromAirtableRequest	author	String	db/dto/airtable/SaveThreadReplyFromAirtableRequest.java	31
legalcare.medilawyer.db.dto.airtable.SaveThreadReplyFromAirtableRequest	authorAt	OffsetDateTime	db/dto/airtable/SaveThreadReplyFromAirtableRequest.java	33
legalcare.medilawyer.db.dto.airtable.SaveThreadFromAirtableRequest	channelId	ChannelId	db/dto/airtable/SaveThreadFromAirtableRequest.java	27
legalcare.medilawyer.db.dto.airtable.SaveThreadFromAirtableRequest	threadId	String	db/dto/airtable/SaveThreadFromAirtableRequest.java	31
legalcare.medilawyer.db.dto.airtable.SaveThreadFromAirtableRequest	threadDisplayStatus	ThreadDisplayStatus	db/dto/airtable/SaveThreadFromAirtableRequest.java	33
legalcare.medilawyer.db.dto.airtable.SaveThreadFromAirtableRequest	communityName	String	db/dto/airtable/SaveThreadFromAirtableRequest.java	35
legalcare.medilawyer.db.dto.airtable.SaveThreadFromAirtableRequest	title	String	db/dto/airtable/SaveThreadFromAirtableRequest.java	37
legalcare.medilawyer.db.dto.airtable.SaveThreadFromAirtableRequest	content	String	db/dto/airtable/SaveThreadFromAirtableRequest.java	39
legalcare.medilawyer.db.dto.airtable.SaveThreadFromAirtableRequest	author	String	db/dto/airtable/SaveThreadFromAirtableRequest.java	41
legalcare.medilawyer.db.dto.airtable.SaveThreadFromAirtableRequest	authorAt	OffsetDateTime	db/dto/airtable/SaveThreadFromAirtableRequest.java	43
legalcare.medilawyer.db.dto.airtable.SaveThreadFromAirtableRequest	authorLink	String	db/dto/airtable/SaveThreadFromAirtableRequest.java	45
legalcare.medilawyer.db.dto.teamAppUser.TeamAppUserPermissionUpdateReq	teamId	String	db/dto/teamAppUser/TeamAppUserPermissionUpdateReq.java	17
legalcare.medilawyer.db.dto.teamAppUser.TeamChannelAccountLoginReq	channelId	ChannelId	db/dto/teamAppUser/TeamChannelAccountLoginReq.java	18
legalcare.medilawyer.db.dto.teamAppUser.TeamChannelAccountLoginReq	storeName	String	db/dto/teamAppUser/TeamChannelAccountLoginReq.java	20
legalcare.medilawyer.db.dto.teamAppUser.TeamChannelAccountLoginReq	accountId	String	db/dto/teamAppUser/TeamChannelAccountLoginReq.java	22
legalcare.medilawyer.db.dto.teamAppUser.TeamChannelAccountLoginReq	accountPassword	String	db/dto/teamAppUser/TeamChannelAccountLoginReq.java	24
legalcare.medilawyer.db.dto.team.TeamRegistrationReq	teamAuthId	String	db/dto/team/TeamRegistrationReq.java	17
legalcare.medilawyer.db.dto.ml.MlReLoginReq	channelId	ChannelId	db/dto/ml/MlReLoginReq.java	19
legalcare.medilawyer.db.dto.ml.MlReLoginReq	storeName	String	db/dto/ml/MlReLoginReq.java	21
legalcare.medilawyer.db.dto.ml.MlAppUserChannelAccountLoginRes	result	ChannelAccountLoginResult	db/dto/ml/MlAppUserChannelAccountLoginRes.java	33
legalcare.medilawyer.db.dto.ml.MlAppUserChannelAccountLoginRes	status	ChannelAccountLoginDescription	db/dto/ml/MlAppUserChannelAccountLoginRes.java	35
legalcare.medilawyer.db.dto.ml.MlPostReplyRegistraionRes	result	MlResponseResult	db/dto/ml/MlPostReplyRegistraionRes.java	25
legalcare.medilawyer.db.dto.ml.MlPostReplyRegistraionRes	status	PostReplyRegistrationResult	db/dto/ml/MlPostReplyRegistraionRes.java	27
legalcare.medilawyer.db.dto.ml.MlNaverCaptchaReq	sessionId	String	db/dto/ml/MlNaverCaptchaReq.java	18
legalcare.medilawyer.db.dto.ml.MlNaverCaptchaReq	captchaText	String	db/dto/ml/MlNaverCaptchaReq.java	20
legalcare.medilawyer.db.dto.ml.MlNaverCaptchaReq	channelId	ChannelId	db/dto/ml/MlNaverCaptchaReq.java	22
legalcare.medilawyer.db.dto.ml.MlNaverCaptchaReq	storeName	String	db/dto/ml/MlNaverCaptchaReq.java	24
legalcare.medilawyer.db.dto.ml.MlAiRecommendRes	result	MlResponseResult	db/dto/ml/MlAiRecommendRes.java	34
legalcare.medilawyer.db.dto.ml.MlAiRecommendRes	status	MlResponseStatus	db/dto/ml/MlAiRecommendRes.java	36
legalcare.medilawyer.db.dto.ml.MlAiRecommendRes	replyAi	String	db/dto/ml/MlAiRecommendRes.java	38
legalcare.medilawyer.db.dto.ml.MlKakaoSmsLoginRes	result	MlResponseResult	db/dto/ml/MlKakaoSmsLoginRes.java	22
legalcare.medilawyer.db.dto.ml.MlKakaoSmsLoginRes	status	ChannelAccountLoginDescription	db/dto/ml/MlKakaoSmsLoginRes.java	24
legalcare.medilawyer.db.dto.ml.MlScreenshotRes	result	MlResponseResult	db/dto/ml/MlScreenshotRes.java	36
legalcare.medilawyer.db.dto.ml.MlScreenshotRes	status	MlResponseStatus	db/dto/ml/MlScreenshotRes.java	38
legalcare.medilawyer.db.dto.ml.MlScreenshotRes	s3_url	String	db/dto/ml/MlScreenshotRes.java	41
legalcare.medilawyer.db.dto.ml.MlKakaoSmsLoginReq	passcode	String	db/dto/ml/MlKakaoSmsLoginReq.java	22
legalcare.medilawyer.db.dto.ml.MlKakaoSmsLoginReq	postId	String	db/dto/ml/MlKakaoSmsLoginReq.java	24
legalcare.medilawyer.db.dto.ml.MlKakaoSmsLoginReq	channelId	ChannelId	db/dto/ml/MlKakaoSmsLoginReq.java	26
legalcare.medilawyer.db.dto.ml.MlKakaoSmsLoginReq	storeName	String	db/dto/ml/MlKakaoSmsLoginReq.java	28
legalcare.medilawyer.db.dto.ml.MlKakaoSmsLoginReq	userId	String	db/dto/ml/MlKakaoSmsLoginReq.java	32
legalcare.medilawyer.db.dto.ml.MlKakaoSmsLoginReq	userPassword	String	db/dto/ml/MlKakaoSmsLoginReq.java	34
legalcare.medilawyer.db.dto.ml.MlKakaoSmsLoginReq	csrf	String	db/dto/ml/MlKakaoSmsLoginReq.java	36
legalcare.medilawyer.db.dto.ml.MlKakaoSmsLoginReq	token	String	db/dto/ml/MlKakaoSmsLoginReq.java	40
legalcare.medilawyer.db.dto.ml.MlKakaoSmsLoginReq	userAgent	String	db/dto/ml/MlKakaoSmsLoginReq.java	42
legalcare.medilawyer.db.dto.ml.MlKakaoSmsLoginReq	cookieDict	CookieDict	db/dto/ml/MlKakaoSmsLoginReq.java	44
legalcare.medilawyer.db.dto.ml.MlKakaoSmsLoginReq.CookieDict	_maldive_oauth_webapp_session_key	String	db/dto/ml/MlKakaoSmsLoginReq.java	63
legalcare.medilawyer.db.dto.ml.MlKakaoSmsLoginReq.CookieDict	_T_ANO	String	db/dto/ml/MlKakaoSmsLoginReq.java	66
legalcare.medilawyer.db.dto.ml.MlKakaoSmsLoginReq.CookieDict	_kau	String	db/dto/ml/MlKakaoSmsLoginReq.java	69
legalcare.medilawyer.db.dto.ml.MlKakaoSmsLoginReq.CookieDict	__T_SECURE	String	db/dto/ml/MlKakaoSmsLoginReq.java	72
legalcare.medilawyer.db.dto.ml.MlKakaoSmsLoginReq.CookieDict	__T_	String	db/dto/ml/MlKakaoSmsLoginReq.java	75
legalcare.medilawyer.db.dto.kafka.ConsumerScheduleCrawlingTaskWithTargets	taskId	String	db/dto/kafka/ConsumerScheduleCrawlingTaskWithTargets.java	35
legalcare.medilawyer.db.dto.kafka.ConsumerScheduleCrawlingTaskWithTargets	serviceId	SchedulerServiceId	db/dto/kafka/ConsumerScheduleCrawlingTaskWithTargets.java	37
legalcare.medilawyer.db.dto.kafka.ConsumerScheduleCrawlingTaskWithTargets	targetType	TargetType	db/dto/kafka/ConsumerScheduleCrawlingTaskWithTargets.java	40
legalcare.medilawyer.db.dto.kafka.ConsumerScheduleCrawlingTaskWithTargets	type	TargetEvnetType	db/dto/kafka/ConsumerScheduleCrawlingTaskWithTargets.java	42
legalcare.medilawyer.db.dto.kafka.ConsumerScheduleCrawlingTaskWithTargets	metadata	Metadata	db/dto/kafka/ConsumerScheduleCrawlingTaskWithTargets.java	46
legalcare.medilawyer.db.dto.kafka.PostAddReq	requestType	MlReviewRequestType	db/dto/kafka/PostAddReq.java	41
legalcare.medilawyer.db.dto.kafka.PostAddReq	result	MlResponseResult	db/dto/kafka/PostAddReq.java	43
legalcare.medilawyer.db.dto.kafka.ProducerTaskDelete	id	String	db/dto/kafka/ProducerTaskDelete.java	23
legalcare.medilawyer.db.dto.kafka.ConsumerThreadDisplayStatusModified	channelId	ChannelId	db/dto/kafka/ConsumerThreadDisplayStatusModified.java	27
legalcare.medilawyer.db.dto.kafka.ConsumerThreadDisplayStatusModified	threadId	String	db/dto/kafka/ConsumerThreadDisplayStatusModified.java	31
legalcare.medilawyer.db.dto.kafka.ConsumerThreadDisplayStatusModified	threadDisplayStatus	ThreadDisplayStatus	db/dto/kafka/ConsumerThreadDisplayStatusModified.java	33
legalcare.medilawyer.db.dto.kafka.NewPostReplyChildAddReq	postReplyPlatformId	String	db/dto/kafka/NewPostReplyChildAddReq.java	24
legalcare.medilawyer.db.dto.kafka.NewPostReplyChildAddReq	platformId	String	db/dto/kafka/NewPostReplyChildAddReq.java	26
legalcare.medilawyer.db.dto.kafka.NewPostReplyChildAddReq	content	String	db/dto/kafka/NewPostReplyChildAddReq.java	28
legalcare.medilawyer.db.dto.kafka.NewPostReplyChildAddReq	author	String	db/dto/kafka/NewPostReplyChildAddReq.java	30
legalcare.medilawyer.db.dto.kafka.NewPostReplyChildAddReq	authorDtm	OffsetDateTime	db/dto/kafka/NewPostReplyChildAddReq.java	32
legalcare.medilawyer.db.dto.kafka.PostWordAddReq	content	String	db/dto/kafka/PostWordAddReq.java	23
legalcare.medilawyer.db.dto.kafka.PostWordAddReq	word	String	db/dto/kafka/PostWordAddReq.java	25
legalcare.medilawyer.db.dto.kafka.PostWordAddReq	type	PostWordType	db/dto/kafka/PostWordAddReq.java	27
legalcare.medilawyer.db.dto.kafka.ExistPostNewPostReplyAddReq	postId	String	db/dto/kafka/ExistPostNewPostReplyAddReq.java	24
legalcare.medilawyer.db.dto.kafka.ExistPostNewPostReplyAddReq	reply	String	db/dto/kafka/ExistPostNewPostReplyAddReq.java	27
legalcare.medilawyer.db.dto.kafka.ExistPostNewPostReplyAddReq	author	String	db/dto/kafka/ExistPostNewPostReplyAddReq.java	29
legalcare.medilawyer.db.dto.kafka.ExistPostNewPostReplyAddReq	authorDtm	OffsetDateTime	db/dto/kafka/ExistPostNewPostReplyAddReq.java	31
legalcare.medilawyer.db.dto.kafka.ProducerTaskRegistration	id	String	db/dto/kafka/ProducerTaskRegistration.java	28
legalcare.medilawyer.db.dto.kafka.ProducerTaskRegistration	type	TaskType	db/dto/kafka/ProducerTaskRegistration.java	30
legalcare.medilawyer.db.dto.kafka.ProducerTaskRegistration	schedule	String	db/dto/kafka/ProducerTaskRegistration.java	32
legalcare.medilawyer.db.dto.kafka.ProducerTaskRegistration	callback	Callback	db/dto/kafka/ProducerTaskRegistration.java	34
legalcare.medilawyer.db.dto.kafka.ProducerTaskRegistration.Callback	environment	String	db/dto/kafka/ProducerTaskRegistration.java	51
legalcare.medilawyer.db.dto.kafka.ProducerTaskRegistration.Callback	domain	String	db/dto/kafka/ProducerTaskRegistration.java	53
legalcare.medilawyer.db.dto.kafka.ProducerTaskRegistration.Callback	eventType	String	db/dto/kafka/ProducerTaskRegistration.java	56
legalcare.medilawyer.db.dto.kafka.ProducerTaskRegistration.Callback	action	String	db/dto/kafka/ProducerTaskRegistration.java	58
legalcare.medilawyer.db.dto.kafka.ProducerTaskRegistration.Callback	subAction	String	db/dto/kafka/ProducerTaskRegistration.java	60
legalcare.medilawyer.db.dto.kafka.ProducerTargetDelete	type	TargetUpdateType	db/dto/kafka/ProducerTargetDelete.java	33
legalcare.medilawyer.db.dto.kafka.ProducerTargetDelete	serviceId	SchedulerServiceId	db/dto/kafka/ProducerTargetDelete.java	35
legalcare.medilawyer.db.dto.kafka.ProducerTargetDelete	targetType	TargetType	db/dto/kafka/ProducerTargetDelete.java	37
legalcare.medilawyer.db.dto.kafka.ProducerTargetDelete	targetIds	List<Long>	db/dto/kafka/ProducerTargetDelete.java	39
legalcare.medilawyer.db.dto.kafka.ConsumerThreadCrawlingCompletionNotice	communityId	String	db/dto/kafka/ConsumerThreadCrawlingCompletionNotice.java	27
legalcare.medilawyer.db.dto.kafka.ConsumerThreadCrawlingCompletionNotice	keywordId	String	db/dto/kafka/ConsumerThreadCrawlingCompletionNotice.java	29
legalcare.medilawyer.db.dto.kafka.ConsumerThreadCrawlingCompletionNotice	result	MlResponseResult	db/dto/kafka/ConsumerThreadCrawlingCompletionNotice.java	31
legalcare.medilawyer.db.dto.kafka.NewPostAddReq	postId	String	db/dto/kafka/NewPostAddReq.java	34
legalcare.medilawyer.db.dto.kafka.NewPostAddReq	title	String	db/dto/kafka/NewPostAddReq.java	38
legalcare.medilawyer.db.dto.kafka.NewPostAddReq	content	String	db/dto/kafka/NewPostAddReq.java	40
legalcare.medilawyer.db.dto.kafka.NewPostAddReq	channelId	ChannelId	db/dto/kafka/NewPostAddReq.java	42
legalcare.medilawyer.db.dto.kafka.NewPostAddReq	storeName	String	db/dto/kafka/NewPostAddReq.java	44
legalcare.medilawyer.db.dto.kafka.NewPostAddReq	storeDetail	String	db/dto/kafka/NewPostAddReq.java	46
legalcare.medilawyer.db.dto.kafka.NewPostAddReq	author	String	db/dto/kafka/NewPostAddReq.java	48
legalcare.medilawyer.db.dto.kafka.NewPostAddReq	authorLink	String	db/dto/kafka/NewPostAddReq.java	50
legalcare.medilawyer.db.dto.kafka.NewPostAddReq	authorDtm	OffsetDateTime	db/dto/kafka/NewPostAddReq.java	52
legalcare.medilawyer.db.dto.kafka.NewPostAddReq	type	String	db/dto/kafka/NewPostAddReq.java	54
legalcare.medilawyer.db.dto.kafka.NewPostAddReq	captureImg	String	db/dto/kafka/NewPostAddReq.java	56
legalcare.medilawyer.db.dto.kafka.ProducerTaskUpdate	id	String	db/dto/kafka/ProducerTaskUpdate.java	29
legalcare.medilawyer.db.dto.kafka.ProducerTaskUpdate	type	TaskType	db/dto/kafka/ProducerTaskUpdate.java	31
legalcare.medilawyer.db.dto.kafka.ProducerTaskUpdate	schedule	String	db/dto/kafka/ProducerTaskUpdate.java	33
legalcare.medilawyer.db.dto.kafka.ProducerTaskUpdate	callback	Callback	db/dto/kafka/ProducerTaskUpdate.java	35
legalcare.medilawyer.db.dto.kafka.ProducerTaskUpdate	serviceId	String	db/dto/kafka/ProducerTaskUpdate.java	39
legalcare.medilawyer.db.dto.kafka.ProducerTaskUpdate	targetType	TargetType	db/dto/kafka/ProducerTaskUpdate.java	41
legalcare.medilawyer.db.dto.kafka.ProducerTaskUpdate.Callback	environment	String	db/dto/kafka/ProducerTaskUpdate.java	56
legalcare.medilawyer.db.dto.kafka.ProducerTaskUpdate.Callback	domain	String	db/dto/kafka/ProducerTaskUpdate.java	58
legalcare.medilawyer.db.dto.kafka.ProducerTaskUpdate.Callback	eventType	String	db/dto/kafka/ProducerTaskUpdate.java	61
legalcare.medilawyer.db.dto.kafka.ProducerTaskUpdate.Callback	action	String	db/dto/kafka/ProducerTaskUpdate.java	63
legalcare.medilawyer.db.dto.kafka.ProducerTaskUpdate.Callback	subAction	String	db/dto/kafka/ProducerTaskUpdate.java	65
legalcare.medilawyer.db.dto.kafka.ConsumerThreadCrawlingData.NewThreadAdd	channelId	ChannelId	db/dto/kafka/ConsumerThreadCrawlingData.java	49
legalcare.medilawyer.db.dto.kafka.ConsumerThreadCrawlingData.NewThreadAdd	communityId	String	db/dto/kafka/ConsumerThreadCrawlingData.java	52
legalcare.medilawyer.db.dto.kafka.ConsumerThreadCrawlingData.NewThreadAdd	threadId	String	db/dto/kafka/ConsumerThreadCrawlingData.java	55
legalcare.medilawyer.db.dto.kafka.ConsumerThreadCrawlingData.NewThreadAdd	title	String	db/dto/kafka/ConsumerThreadCrawlingData.java	57
legalcare.medilawyer.db.dto.kafka.ConsumerThreadCrawlingData.NewThreadAdd	content	String	db/dto/kafka/ConsumerThreadCrawlingData.java	59
legalcare.medilawyer.db.dto.kafka.ConsumerThreadCrawlingData.NewThreadAdd	author	String	db/dto/kafka/ConsumerThreadCrawlingData.java	61
legalcare.medilawyer.db.dto.kafka.ConsumerThreadCrawlingData.NewThreadAdd	threadUrl	String	db/dto/kafka/ConsumerThreadCrawlingData.java	63
legalcare.medilawyer.db.dto.kafka.ConsumerThreadCrawlingData.NewThreadAdd	authorAt	OffsetDateTime	db/dto/kafka/ConsumerThreadCrawlingData.java	65
legalcare.medilawyer.db.dto.kafka.ConsumerThreadCrawlingData.NewThreadAdd	keywordId	String	db/dto/kafka/ConsumerThreadCrawlingData.java	67
legalcare.medilawyer.db.dto.kafka.ConsumerThreadCrawlingData.NewThreadAdd	keywordName	String	db/dto/kafka/ConsumerThreadCrawlingData.java	69
legalcare.medilawyer.db.dto.kafka.ConsumerThreadCrawlingData.NewThreadCommentAdd	threadId	String	db/dto/kafka/ConsumerThreadCrawlingData.java	81
legalcare.medilawyer.db.dto.kafka.ConsumerThreadCrawlingData.NewThreadCommentAdd	threadCommentId	String	db/dto/kafka/ConsumerThreadCrawlingData.java	84
legalcare.medilawyer.db.dto.kafka.ConsumerThreadCrawlingData.NewThreadCommentAdd	content	String	db/dto/kafka/ConsumerThreadCrawlingData.java	86
legalcare.medilawyer.db.dto.kafka.ConsumerThreadCrawlingData.NewThreadCommentAdd	author	String	db/dto/kafka/ConsumerThreadCrawlingData.java	89
legalcare.medilawyer.db.dto.kafka.ConsumerThreadCrawlingData.NewThreadCommentAdd	authorAt	OffsetDateTime	db/dto/kafka/ConsumerThreadCrawlingData.java	91
legalcare.medilawyer.db.dto.kafka.ConsumerThreadCrawlingData.NewThreadReplyAdd	threadCommentId	String	db/dto/kafka/ConsumerThreadCrawlingData.java	103
legalcare.medilawyer.db.dto.kafka.ConsumerThreadCrawlingData.NewThreadReplyAdd	threadReplyId	String	db/dto/kafka/ConsumerThreadCrawlingData.java	106
legalcare.medilawyer.db.dto.kafka.ConsumerThreadCrawlingData.NewThreadReplyAdd	content	String	db/dto/kafka/ConsumerThreadCrawlingData.java	108
legalcare.medilawyer.db.dto.kafka.ConsumerThreadCrawlingData.NewThreadReplyAdd	author	String	db/dto/kafka/ConsumerThreadCrawlingData.java	111
legalcare.medilawyer.db.dto.kafka.ConsumerThreadCrawlingData.NewThreadReplyAdd	authorAt	OffsetDateTime	db/dto/kafka/ConsumerThreadCrawlingData.java	113
legalcare.medilawyer.db.dto.external.ModoodocBusinessSearchHospital	name	String	db/dto/external/ModoodocBusinessSearchHospital.java	20
legalcare.medilawyer.db.dto.external.ModoodocBusinessSearchHospital	address	String	db/dto/external/ModoodocBusinessSearchHospital.java	24
legalcare.medilawyer.db.dto.external.DisplayName	text	String	db/dto/external/DisplayName.java	27
legalcare.medilawyer.db.dto.external.DisplayName	languageCode	String	db/dto/external/DisplayName.java	29
legalcare.medilawyer.db.dto.external.NaverSearhResultItem	title	String	db/dto/external/NaverSearhResultItem.java	20
legalcare.medilawyer.db.dto.external.NaverSearhResultItem	link	String	db/dto/external/NaverSearhResultItem.java	22
legalcare.medilawyer.db.dto.external.NaverSearhResultItem	category	String	db/dto/external/NaverSearhResultItem.java	24
legalcare.medilawyer.db.dto.external.NaverSearhResultItem	description	String	db/dto/external/NaverSearhResultItem.java	26
legalcare.medilawyer.db.dto.external.NaverSearhResultItem	telephone	String	db/dto/external/NaverSearhResultItem.java	28
legalcare.medilawyer.db.dto.external.NaverSearhResultItem	address	String	db/dto/external/NaverSearhResultItem.java	30
legalcare.medilawyer.db.dto.external.NaverSearhResultItem	roadAddress	String	db/dto/external/NaverSearhResultItem.java	32
legalcare.medilawyer.db.dto.external.NaverSearhResultItem	mapx	String	db/dto/external/NaverSearhResultItem.java	34
legalcare.medilawyer.db.dto.external.NaverSearhResultItem	mapy	String	db/dto/external/NaverSearhResultItem.java	36
legalcare.medilawyer.db.dto.external.KakaoBuisinessSearchResultDocument	address_name	String	db/dto/external/KakaoBuisinessSearchResultDocument.java	24
legalcare.medilawyer.db.dto.external.KakaoBuisinessSearchResultDocument	place_name	String	db/dto/external/KakaoBuisinessSearchResultDocument.java	32
legalcare.medilawyer.db.dto.external.KakaoBuisinessSearchResultDocument	road_address_name	String	db/dto/external/KakaoBuisinessSearchResultDocument.java	34
legalcare.medilawyer.db.dto.external.KakaoBusinessSearchResult	meta	legalcare.medilawyer.db.dto.external.KakaoBusinessSearchResultMeta	db/dto/external/KakaoBusinessSearchResult.java	21
legalcare.medilawyer.db.dto.external.KakaoBusinessSearchResult	documents	List<legalcare.medilawyer.db.dto.external.KakaoBuisinessSearchResultDocument>	db/dto/external/KakaoBusinessSearchResult.java	23
legalcare.medilawyer.db.dto.external.GoogleMapsLinks	directionsUri	String	db/dto/external/GoogleMapsLinks.java	27
legalcare.medilawyer.db.dto.external.GoogleMapsLinks	placeUri	String	db/dto/external/GoogleMapsLinks.java	29
legalcare.medilawyer.db.dto.external.GoogleMapsLinks	writeAReviewUri	String	db/dto/external/GoogleMapsLinks.java	31
legalcare.medilawyer.db.dto.external.GoogleMapsLinks	reviewsUri	String	db/dto/external/GoogleMapsLinks.java	33
legalcare.medilawyer.db.dto.external.GoogleMapsLinks	photosUri	String	db/dto/external/GoogleMapsLinks.java	35
legalcare.medilawyer.db.dto.external.NaverSearchResult	lastBuildDate	String	db/dto/external/NaverSearchResult.java	21
legalcare.medilawyer.db.dto.external.NaverSearchResult	items	List<legalcare.medilawyer.db.dto.external.NaverSearhResultItem>	db/dto/external/NaverSearchResult.java	29
legalcare.medilawyer.db.dto.external.GoogleSearchResultItem	id	String	db/dto/external/GoogleSearchResultItem.java	33
legalcare.medilawyer.db.dto.external.GoogleSearchResultItem	name	String	db/dto/external/GoogleSearchResultItem.java	35
legalcare.medilawyer.db.dto.external.GoogleSearchResultItem	displayName	DisplayName	db/dto/external/GoogleSearchResultItem.java	37
legalcare.medilawyer.db.dto.external.GoogleSearchResultItem	formattedAddress	String	db/dto/external/GoogleSearchResultItem.java	39
legalcare.medilawyer.db.dto.external.GoogleSearchResultItem	googleMapsLinks	GoogleMapsLinks	db/dto/external/GoogleSearchResultItem.java	43
legalcare.medilawyer.db.dto.external.GoogleSearchResult	places	List<GoogleSearchResultItem>	db/dto/external/GoogleSearchResult.java	21
legalcare.medilawyer.db.dto.external.NaverPlaceItem	name	String	db/dto/external/NaverPlaceItem.java	36
legalcare.medilawyer.db.dto.external.NaverPlaceItem	address	String	db/dto/external/NaverPlaceItem.java	39
legalcare.medilawyer.db.dto.external.AiBoostCreationResult	keywords	List<String>	db/dto/external/AiBoostCreationResult.java	30
legalcare.medilawyer.db.dto.external.AiBoostCreationResult	review	String	db/dto/external/AiBoostCreationResult.java	32
legalcare.medilawyer.db.dto.external.ModoodocBusinessSearchResult	hospitals	List<legalcare.medilawyer.db.dto.external.ModoodocBusinessSearchHospital>	db/dto/external/ModoodocBusinessSearchResult.java	24
legalcare.medilawyer.db.dto.organizationAppUser.InviteOrganizationAppUserReq	email	String	db/dto/organizationAppUser/InviteOrganizationAppUserReq.java	20
legalcare.medilawyer.db.dto.organizationAppUser.InviteOrganizationAppUserReq	role	OrganizationRole	db/dto/organizationAppUser/InviteOrganizationAppUserReq.java	22
legalcare.medilawyer.db.dto.organizationAppUser.InviteOrganizationAppUserReq.InviteTeamPermissionReq	teamId	String	db/dto/organizationAppUser/InviteOrganizationAppUserReq.java	32
legalcare.medilawyer.db.dto.organizationAppUser.OrganizationRoleUpdateReq	organizationRole	OrganizationRole	db/dto/organizationAppUser/OrganizationRoleUpdateReq.java	18
legalcare.medilawyer.db.dto.appUserStore.MatchStoreReq	matchType	AppUserStoreMatchRequestType	db/dto/appUserStore/MatchStoreReq.java	20
legalcare.medilawyer.db.dto.appUserStore.ReviewCompletionRes	requestType	MlReviewRequestType	db/dto/appUserStore/ReviewCompletionRes.java	26
legalcare.medilawyer.db.dto.appUserStore.ReviewCompletionRes	storeChannelResultList	List<MlStoreChannelResult>	db/dto/appUserStore/ReviewCompletionRes.java	29
legalcare.medilawyer.db.dto.appUserStore.ReviewCompletionRes	result	MlResponseResult	db/dto/appUserStore/ReviewCompletionRes.java	31
legalcare.medilawyer.db.dto.appUserStore.ReviewCompletionRes.MlStoreChannelResult	channelId	ChannelId	db/dto/appUserStore/ReviewCompletionRes.java	40
legalcare.medilawyer.db.dto.appUserStore.ReviewCompletionRes.MlStoreChannelResult	storeName	String	db/dto/appUserStore/ReviewCompletionRes.java	42
legalcare.medilawyer.db.dto.appUserStore.ReviewCompletionRes.MlStoreChannelResult	storeDetail	String	db/dto/appUserStore/ReviewCompletionRes.java	44
legalcare.medilawyer.db.dto.appUserStore.ReviewCompletionRes.MlStoreChannelResult	result	MlResponseResult	db/dto/appUserStore/ReviewCompletionRes.java	46
legalcare.medilawyer.db.dto.bizmessage.AlimTalkResDto	requestId	String	db/dto/bizmessage/AlimTalkResDto.java	25
legalcare.medilawyer.db.dto.bizmessage.AlimTalkResDto	requestTime	String	db/dto/bizmessage/AlimTalkResDto.java	27
legalcare.medilawyer.db.dto.bizmessage.AlimTalkResDto	statusCode	String	db/dto/bizmessage/AlimTalkResDto.java	29
legalcare.medilawyer.db.dto.bizmessage.AlimTalkResDto	statusName	String	db/dto/bizmessage/AlimTalkResDto.java	31
legalcare.medilawyer.db.dto.bizmessage.AlimTalkResDto	messages	List<legalcare.medilawyer.db.dto.bizmessage.AlimTalkResDto.MessageResDto>	db/dto/bizmessage/AlimTalkResDto.java	33
legalcare.medilawyer.db.dto.bizmessage.AlimTalkResDto.MessageResDto	messageId	String	db/dto/bizmessage/AlimTalkResDto.java	43
legalcare.medilawyer.db.dto.bizmessage.AlimTalkResDto.MessageResDto	countryCode	String	db/dto/bizmessage/AlimTalkResDto.java	45
legalcare.medilawyer.db.dto.bizmessage.AlimTalkResDto.MessageResDto	to	String	db/dto/bizmessage/AlimTalkResDto.java	47
legalcare.medilawyer.db.dto.bizmessage.AlimTalkResDto.MessageResDto	content	String	db/dto/bizmessage/AlimTalkResDto.java	49
legalcare.medilawyer.db.dto.bizmessage.AlimTalkResDto.MessageResDto	requestStatusCode	String	db/dto/bizmessage/AlimTalkResDto.java	51
legalcare.medilawyer.db.dto.bizmessage.AlimTalkResDto.MessageResDto	requestStatusName	String	db/dto/bizmessage/AlimTalkResDto.java	53
legalcare.medilawyer.db.dto.bizmessage.AlimTalkResDto.MessageResDto	requestStatusDesc	String	db/dto/bizmessage/AlimTalkResDto.java	55
legalcare.medilawyer.db.dto.bizmessage.SmsResDto	requestId	String	db/dto/bizmessage/SmsResDto.java	24
legalcare.medilawyer.db.dto.bizmessage.SmsResDto	requestTime	String	db/dto/bizmessage/SmsResDto.java	26
legalcare.medilawyer.db.dto.bizmessage.SmsResDto	statusCode	String	db/dto/bizmessage/SmsResDto.java	28
legalcare.medilawyer.db.dto.bizmessage.SmsResDto	statusName	String	db/dto/bizmessage/SmsResDto.java	30
legalcare.medilawyer.db.dto.store.dto.NewStoreChannelReq	channelId	ChannelId	db/dto/store/dto/NewStoreChannelReq.java	20
legalcare.medilawyer.db.dto.store.dto.InternalStoreRegistrationRequestModel	hospitalOriginName	String	db/dto/store/dto/InternalStoreRegistrationRequestModel.java	26
legalcare.medilawyer.db.dto.store.dto.InternalStoreRegistrationRequestModel	hospitalOriginDetailAddress	String	db/dto/store/dto/InternalStoreRegistrationRequestModel.java	28
legalcare.medilawyer.db.dto.store.dto.StoreRegistrationReq	storeName	String	db/dto/store/dto/StoreRegistrationReq.java	17
legalcare.medilawyer.db.dto.store.dto.StoreRegistrationReq	storeDetail	String	db/dto/store/dto/StoreRegistrationReq.java	19
legalcare.medilawyer.db.dto.store.dto.StoreAuthenticationReq	accountId	String	db/dto/store/dto/StoreAuthenticationReq.java	17
legalcare.medilawyer.db.dto.store.dto.StoreAuthenticationReq	accountPassword	String	db/dto/store/dto/StoreAuthenticationReq.java	19
