경로	HTTP메서드	구 컨트롤러:라인	구 판정	구 근거(SecurityConfig.kt)	booster 판정	booster 근거	판정 일치여부	실측 요청경로	구 실측(무토큰)	구 실측(유효토큰 헤더)	booster 실측(무토큰)	booster 실측(유효토큰 헤더)	booster 수정전(유효토큰 헤더)	booster 토큰 출처	실측 대조
/api/v1/admin/crawling/storeChannel	POST	module-core/core-api/src/main/kotlin/legalcare/medilawyer/admin/controller/AdminController.kt:49	AUTHENTICATED	anyRequest().authenticated()	AUTHENTICATED	LegacyPathAuthPolicy (구 SecurityConfig.kt 규칙표 1:1)	일치	/api/v1/admin/crawling/storeChannel	401	미실측: 구는 컨트롤러가 실행된다(외부 실호출 0건 — 불변조건5)	401	404	401	LegacyHeaderTokenExtractor (Authorization 헤더 — 구 JwtAuthenticationFilter.kt:39 와 동일)	무토큰 구401=신401 일치 · 유효토큰 신404(게이트 통과) — 수정 전 401, 이 행이 CRITICAL 회귀분
/api/v1/admin/crawling/storeChannels	POST	module-core/core-api/src/main/kotlin/legalcare/medilawyer/admin/controller/AdminController.kt:70	AUTHENTICATED	anyRequest().authenticated()	AUTHENTICATED	LegacyPathAuthPolicy (구 SecurityConfig.kt 규칙표 1:1)	일치	/api/v1/admin/crawling/storeChannels	401	미실측: 구는 컨트롤러가 실행된다(외부 실호출 0건 — 불변조건5)	401	404	401	LegacyHeaderTokenExtractor (Authorization 헤더 — 구 JwtAuthenticationFilter.kt:39 와 동일)	무토큰 구401=신401 일치 · 유효토큰 신404(게이트 통과) — 수정 전 401, 이 행이 CRITICAL 회귀분
/api/v1/admin/organization-user	POST	module-core/core-api/src/main/kotlin/legalcare/medilawyer/admin/controller/AdminController.kt:34	AUTHENTICATED	anyRequest().authenticated()	AUTHENTICATED	LegacyPathAuthPolicy (구 SecurityConfig.kt 규칙표 1:1)	일치	/api/v1/admin/organization-user	401	미실측: 구는 컨트롤러가 실행된다(외부 실호출 0건 — 불변조건5)	401	404	401	LegacyHeaderTokenExtractor (Authorization 헤더 — 구 JwtAuthenticationFilter.kt:39 와 동일)	무토큰 구401=신401 일치 · 유효토큰 신404(게이트 통과) — 수정 전 401, 이 행이 CRITICAL 회귀분
/api/v1/admin/organizations/{organizationId}/teams/{teamId}/stores/{storeId}	POST	module-core/core-api/src/main/kotlin/legalcare/medilawyer/admin/controller/AdminController.kt:103	AUTHENTICATED	anyRequest().authenticated()	AUTHENTICATED	LegacyPathAuthPolicy (구 SecurityConfig.kt 규칙표 1:1)	일치	/api/v1/admin/organizations/1/teams/1/stores/1	401	미실측: 구는 컨트롤러가 실행된다(외부 실호출 0건 — 불변조건5)	401	404	401	LegacyHeaderTokenExtractor (Authorization 헤더 — 구 JwtAuthenticationFilter.kt:39 와 동일)	무토큰 구401=신401 일치 · 유효토큰 신404(게이트 통과) — 수정 전 401, 이 행이 CRITICAL 회귀분
/api/v1/admin/seo/hospitals	GET	module-core/core-api/src/main/kotlin/legalcare/medilawyer/admin/controller/AdminSeoController.kt:26	AUTHENTICATED	anyRequest().authenticated()	AUTHENTICATED	LegacyPathAuthPolicy (구 SecurityConfig.kt 규칙표 1:1)	일치	/api/v1/admin/seo/hospitals	401	미실측: 구는 컨트롤러가 실행된다(외부 실호출 0건 — 불변조건5)	401	404	401	LegacyHeaderTokenExtractor (Authorization 헤더 — 구 JwtAuthenticationFilter.kt:39 와 동일)	무토큰 구401=신401 일치 · 유효토큰 신404(게이트 통과) — 수정 전 401, 이 행이 CRITICAL 회귀분
/api/v1/admin/seo/hospitals/{storeId}	PATCH	module-core/core-api/src/main/kotlin/legalcare/medilawyer/admin/controller/AdminSeoController.kt:40	AUTHENTICATED	anyRequest().authenticated()	AUTHENTICATED	LegacyPathAuthPolicy (구 SecurityConfig.kt 규칙표 1:1)	일치	/api/v1/admin/seo/hospitals/1	401	미실측: 구는 컨트롤러가 실행된다(외부 실호출 0건 — 불변조건5)	401	404	401	LegacyHeaderTokenExtractor (Authorization 헤더 — 구 JwtAuthenticationFilter.kt:39 와 동일)	무토큰 구401=신401 일치 · 유효토큰 신404(게이트 통과) — 수정 전 401, 이 행이 CRITICAL 회귀분
/api/v1/admin/store-channel-match	PATCH	module-core/core-api/src/main/kotlin/legalcare/medilawyer/admin/controller/AdminController.kt:86	AUTHENTICATED	anyRequest().authenticated()	AUTHENTICATED	LegacyPathAuthPolicy (구 SecurityConfig.kt 규칙표 1:1)	일치	/api/v1/admin/store-channel-match	401	미실측: 구는 컨트롤러가 실행된다(외부 실호출 0건 — 불변조건5)	401	404	401	LegacyHeaderTokenExtractor (Authorization 헤더 — 구 JwtAuthenticationFilter.kt:39 와 동일)	무토큰 구401=신401 일치 · 유효토큰 신404(게이트 통과) — 수정 전 401, 이 행이 CRITICAL 회귀분
/api/v1/admin/stores/{storeId}/communities-keywords	GET	module-core/core-api/src/main/kotlin/legalcare/medilawyer/admin/controller/AdminController.kt:174	AUTHENTICATED	anyRequest().authenticated()	AUTHENTICATED	LegacyPathAuthPolicy (구 SecurityConfig.kt 규칙표 1:1)	일치	/api/v1/admin/stores/1/communities-keywords	401	미실측: 구는 컨트롤러가 실행된다(외부 실호출 0건 — 불변조건5)	401	404	401	LegacyHeaderTokenExtractor (Authorization 헤더 — 구 JwtAuthenticationFilter.kt:39 와 동일)	무토큰 구401=신401 일치 · 유효토큰 신404(게이트 통과) — 수정 전 401, 이 행이 CRITICAL 회귀분
/api/v1/admin/stores/{storeId}/communities-keywords	POST	module-core/core-api/src/main/kotlin/legalcare/medilawyer/admin/controller/AdminController.kt:120	AUTHENTICATED	anyRequest().authenticated()	AUTHENTICATED	LegacyPathAuthPolicy (구 SecurityConfig.kt 규칙표 1:1)	일치	/api/v1/admin/stores/1/communities-keywords	401	미실측: 구는 컨트롤러가 실행된다(외부 실호출 0건 — 불변조건5)	401	404	401	LegacyHeaderTokenExtractor (Authorization 헤더 — 구 JwtAuthenticationFilter.kt:39 와 동일)	무토큰 구401=신401 일치 · 유효토큰 신404(게이트 통과) — 수정 전 401, 이 행이 CRITICAL 회귀분
/api/v1/admin/stores/{storeId}/communities/{communityId}	POST	module-core/core-api/src/main/kotlin/legalcare/medilawyer/admin/controller/AdminController.kt:138	AUTHENTICATED	anyRequest().authenticated()	AUTHENTICATED	LegacyPathAuthPolicy (구 SecurityConfig.kt 규칙표 1:1)	일치	/api/v1/admin/stores/1/communities/1	401	미실측: 구는 컨트롤러가 실행된다(외부 실호출 0건 — 불변조건5)	401	404	401	LegacyHeaderTokenExtractor (Authorization 헤더 — 구 JwtAuthenticationFilter.kt:39 와 동일)	무토큰 구401=신401 일치 · 유효토큰 신404(게이트 통과) — 수정 전 401, 이 행이 CRITICAL 회귀분
/api/v1/admin/stores/{storeId}/communities/{communityId}/keywords/{keywordId}	DELETE	module-core/core-api/src/main/kotlin/legalcare/medilawyer/admin/controller/AdminController.kt:156	AUTHENTICATED	anyRequest().authenticated()	AUTHENTICATED	LegacyPathAuthPolicy (구 SecurityConfig.kt 규칙표 1:1)	일치	/api/v1/admin/stores/1/communities/1/keywords/1	401	미실측: 구는 컨트롤러가 실행된다(외부 실호출 0건 — 불변조건5)	401	404	401	LegacyHeaderTokenExtractor (Authorization 헤더 — 구 JwtAuthenticationFilter.kt:39 와 동일)	무토큰 구401=신401 일치 · 유효토큰 신404(게이트 통과) — 수정 전 401, 이 행이 CRITICAL 회귀분
/api/v1/airtable/saveThread	POST	module-core/core-api/src/main/kotlin/legalcare/medilawyer/airtable/controller/AirtableController.kt:21	PERMIT_ALL	POST /api/v1/airtable/**	PERMIT_ALL	LegacyPathAuthPolicy (구 SecurityConfig.kt 규칙표 1:1)	일치	/api/v1/airtable/saveThread	미실측: 구는 컨트롤러가 실행된다(외부 실호출 0건 — 불변조건5)	미실측: 구는 컨트롤러가 실행된다(외부 실호출 0건 — 불변조건5)	404	404	404	LegacyHeaderTokenExtractor (Authorization 헤더 — 구 JwtAuthenticationFilter.kt:39 와 동일)	신 전수실측 무토큰404·유효토큰404(둘 다 비401 = 게이트 통과). 구는 미실측(10·11열 사유)
/api/v1/airtable/saveThreadComment	POST	module-core/core-api/src/main/kotlin/legalcare/medilawyer/airtable/controller/AirtableController.kt:26	PERMIT_ALL	POST /api/v1/airtable/**	PERMIT_ALL	LegacyPathAuthPolicy (구 SecurityConfig.kt 규칙표 1:1)	일치	/api/v1/airtable/saveThreadComment	미실측: 구는 컨트롤러가 실행된다(외부 실호출 0건 — 불변조건5)	미실측: 구는 컨트롤러가 실행된다(외부 실호출 0건 — 불변조건5)	404	404	404	LegacyHeaderTokenExtractor (Authorization 헤더 — 구 JwtAuthenticationFilter.kt:39 와 동일)	신 전수실측 무토큰404·유효토큰404(둘 다 비401 = 게이트 통과). 구는 미실측(10·11열 사유)
/api/v1/airtable/saveThreadReply	POST	module-core/core-api/src/main/kotlin/legalcare/medilawyer/airtable/controller/AirtableController.kt:31	PERMIT_ALL	POST /api/v1/airtable/**	PERMIT_ALL	LegacyPathAuthPolicy (구 SecurityConfig.kt 규칙표 1:1)	일치	/api/v1/airtable/saveThreadReply	미실측: 구는 컨트롤러가 실행된다(외부 실호출 0건 — 불변조건5)	미실측: 구는 컨트롤러가 실행된다(외부 실호출 0건 — 불변조건5)	404	404	404	LegacyHeaderTokenExtractor (Authorization 헤더 — 구 JwtAuthenticationFilter.kt:39 와 동일)	신 전수실측 무토큰404·유효토큰404(둘 다 비401 = 게이트 통과). 구는 미실측(10·11열 사유)
/api/v1/app-user-channel-account/list	GET	module-core/core-api/src/main/kotlin/legalcare/medilawyer/apis/http/appUserChannelAccount/controller/AppUserChannelAccountController.kt:31	AUTHENTICATED	anyRequest().authenticated()	AUTHENTICATED	LegacyPathAuthPolicy (구 SecurityConfig.kt 규칙표 1:1)	일치	/api/v1/app-user-channel-account/list	401	미실측: 구는 컨트롤러가 실행된다(외부 실호출 0건 — 불변조건5)	401	404	401	LegacyHeaderTokenExtractor (Authorization 헤더 — 구 JwtAuthenticationFilter.kt:39 와 동일)	무토큰 구401=신401 일치 · 유효토큰 신404(게이트 통과) — 수정 전 401, 이 행이 CRITICAL 회귀분
/api/v1/app-user-channel-account/login	POST	module-core/core-api/src/main/kotlin/legalcare/medilawyer/apis/http/appUserChannelAccount/controller/AppUserChannelAccountController.kt:45	AUTHENTICATED	anyRequest().authenticated()	AUTHENTICATED	LegacyPathAuthPolicy (구 SecurityConfig.kt 규칙표 1:1)	일치	/api/v1/app-user-channel-account/login	401	미실측: 구는 컨트롤러가 실행된다(외부 실호출 0건 — 불변조건5)	401	404	401	LegacyHeaderTokenExtractor (Authorization 헤더 — 구 JwtAuthenticationFilter.kt:39 와 동일)	무토큰 구401=신401 일치 · 유효토큰 신404(게이트 통과) — 수정 전 401, 이 행이 CRITICAL 회귀분
/api/v1/app-user-channel-account/login/kakao/sms	POST	module-core/core-api/src/main/kotlin/legalcare/medilawyer/apis/http/appUserChannelAccount/controller/AppUserChannelAccountController.kt:67	AUTHENTICATED	anyRequest().authenticated()	AUTHENTICATED	LegacyPathAuthPolicy (구 SecurityConfig.kt 규칙표 1:1)	일치	/api/v1/app-user-channel-account/login/kakao/sms	401	미실측: 구는 컨트롤러가 실행된다(외부 실호출 0건 — 불변조건5)	401	404	401	LegacyHeaderTokenExtractor (Authorization 헤더 — 구 JwtAuthenticationFilter.kt:39 와 동일)	무토큰 구401=신401 일치 · 유효토큰 신404(게이트 통과) — 수정 전 401, 이 행이 CRITICAL 회귀분
/api/v1/app-user-channel-account/relogin	POST	module-core/core-api/src/main/kotlin/legalcare/medilawyer/apis/http/appUserChannelAccount/controller/AppUserChannelAccountController.kt:90	AUTHENTICATED	anyRequest().authenticated()	AUTHENTICATED	LegacyPathAuthPolicy (구 SecurityConfig.kt 규칙표 1:1)	일치	/api/v1/app-user-channel-account/relogin	401	미실측: 구는 컨트롤러가 실행된다(외부 실호출 0건 — 불변조건5)	401	404	401	LegacyHeaderTokenExtractor (Authorization 헤더 — 구 JwtAuthenticationFilter.kt:39 와 동일)	무토큰 구401=신401 일치 · 유효토큰 신404(게이트 통과) — 수정 전 401, 이 행이 CRITICAL 회귀분
/api/v1/app-user-store/list	GET	module-core/core-api/src/main/kotlin/legalcare/medilawyer/apis/http/appUserStore/controller/AppUserStoreController.kt:41	AUTHENTICATED	anyRequest().authenticated()	AUTHENTICATED	LegacyPathAuthPolicy (구 SecurityConfig.kt 규칙표 1:1)	일치	/api/v1/app-user-store/list	401	미실측: 구는 컨트롤러가 실행된다(외부 실호출 0건 — 불변조건5)	401	404	401	LegacyHeaderTokenExtractor (Authorization 헤더 — 구 JwtAuthenticationFilter.kt:39 와 동일)	무토큰 구401=신401 일치 · 유효토큰 신404(게이트 통과) — 수정 전 401, 이 행이 CRITICAL 회귀분
/api/v1/app-user-store/match	PATCH	module-core/core-api/src/main/kotlin/legalcare/medilawyer/apis/http/appUserStore/controller/AppUserStoreController.kt:56	AUTHENTICATED	anyRequest().authenticated()	AUTHENTICATED	LegacyPathAuthPolicy (구 SecurityConfig.kt 규칙표 1:1)	일치	/api/v1/app-user-store/match	401	미실측: 구는 컨트롤러가 실행된다(외부 실호출 0건 — 불변조건5)	401	404	401	LegacyHeaderTokenExtractor (Authorization 헤더 — 구 JwtAuthenticationFilter.kt:39 와 동일)	무토큰 구401=신401 일치 · 유효토큰 신404(게이트 통과) — 수정 전 401, 이 행이 CRITICAL 회귀분
/api/v1/app-users/me	GET	module-core/core-api/src/main/kotlin/legalcare/medilawyer/apis/http/appUser/controller/AppUserController.kt:36	AUTHENTICATED	anyRequest().authenticated()	AUTHENTICATED	LegacyPathAuthPolicy (구 SecurityConfig.kt 규칙표 1:1)	일치	/api/v1/app-users/me	401	200	401	404	401	LegacyHeaderTokenExtractor (Authorization 헤더 — 구 JwtAuthenticationFilter.kt:39 와 동일)	무토큰 구401=신401 · 유효토큰 구200/신404(게이트 통과, 핸들러는 P1~P4) — 수정 전 401
/api/v1/auth/login	POST	module-core/core-api/src/main/kotlin/legalcare/medilawyer/auth/api/controller/AuthController.kt:27	PERMIT_ALL	POST /api/v1/auth/login	PERMIT_ALL	LegacyPathAuthPolicy (구 SecurityConfig.kt 규칙표 1:1)	일치	/api/v1/auth/login	미실측: 구는 컨트롤러가 실행된다(외부 실호출 0건 — 불변조건5)	미실측: 구는 컨트롤러가 실행된다(외부 실호출 0건 — 불변조건5)	404	404	404	LegacyHeaderTokenExtractor (Authorization 헤더 — 구 JwtAuthenticationFilter.kt:39 와 동일)	신 전수실측 무토큰404·유효토큰404(둘 다 비401 = 게이트 통과). 구는 미실측(10·11열 사유)
/api/v1/auth/sign-up	POST	module-core/core-api/src/main/kotlin/legalcare/medilawyer/auth/api/controller/AuthController.kt:20	PERMIT_ALL	POST /api/v1/auth/sign-up	PERMIT_ALL	LegacyPathAuthPolicy (구 SecurityConfig.kt 규칙표 1:1)	일치	/api/v1/auth/sign-up	미실측: 구는 컨트롤러가 실행된다(외부 실호출 0건 — 불변조건5)	미실측: 구는 컨트롤러가 실행된다(외부 실호출 0건 — 불변조건5)	404	404	404	LegacyHeaderTokenExtractor (Authorization 헤더 — 구 JwtAuthenticationFilter.kt:39 와 동일)	신 전수실측 무토큰404·유효토큰404(둘 다 비401 = 게이트 통과). 구는 미실측(10·11열 사유)
/api/v1/boost1/customers/{customerId}	GET	module-core/core-api/src/main/kotlin/legalcare/medilawyer/apis/reviewBoost/BoostController.kt:249	PERMIT_ALL	GET /api/v1/boost1/**	PERMIT_ALL	LegacyPathAuthPolicy (구 SecurityConfig.kt 규칙표 1:1)	일치	/api/v1/boost1/customers/1	미실측: 구는 컨트롤러가 실행된다(외부 실호출 0건 — 불변조건5)	미실측: 구는 컨트롤러가 실행된다(외부 실호출 0건 — 불변조건5)	404	404	404	LegacyHeaderTokenExtractor (Authorization 헤더 — 구 JwtAuthenticationFilter.kt:39 와 동일)	신 전수실측 무토큰404·유효토큰404(둘 다 비401 = 게이트 통과). 구는 미실측(10·11열 사유)
/api/v1/boost1/gifts	POST	module-core/core-api/src/main/kotlin/legalcare/medilawyer/apis/reviewBoost/BoostController.kt:159	PERMIT_ALL	POST /api/v1/boost1/**	PERMIT_ALL	LegacyPathAuthPolicy (구 SecurityConfig.kt 규칙표 1:1)	일치	/api/v1/boost1/gifts	미실측: 구는 컨트롤러가 실행된다(외부 실호출 0건 — 불변조건5)	미실측: 구는 컨트롤러가 실행된다(외부 실호출 0건 — 불변조건5)	404	404	404	LegacyHeaderTokenExtractor (Authorization 헤더 — 구 JwtAuthenticationFilter.kt:39 와 동일)	신 전수실측 무토큰404·유효토큰404(둘 다 비401 = 게이트 통과). 구는 미실측(10·11열 사유)
/api/v1/boost1/message-templates	POST	module-core/core-api/src/main/kotlin/legalcare/medilawyer/apis/reviewBoost/BoostController.kt:19	PERMIT_ALL	POST /api/v1/boost1/**	PERMIT_ALL	LegacyPathAuthPolicy (구 SecurityConfig.kt 규칙표 1:1)	일치	/api/v1/boost1/message-templates	미실측: 구는 컨트롤러가 실행된다(외부 실호출 0건 — 불변조건5)	미실측: 구는 컨트롤러가 실행된다(외부 실호출 0건 — 불변조건5)	404	404	404	LegacyHeaderTokenExtractor (Authorization 헤더 — 구 JwtAuthenticationFilter.kt:39 와 동일)	신 전수실측 무토큰404·유효토큰404(둘 다 비401 = 게이트 통과). 구는 미실측(10·11열 사유)
/api/v1/boost1/messages/{messageId}	GET	module-core/core-api/src/main/kotlin/legalcare/medilawyer/apis/reviewBoost/BoostController.kt:93	PERMIT_ALL	GET /api/v1/boost1/**	PERMIT_ALL	LegacyPathAuthPolicy (구 SecurityConfig.kt 규칙표 1:1)	일치	/api/v1/boost1/messages/1	미실측: 구는 컨트롤러가 실행된다(외부 실호출 0건 — 불변조건5)	미실측: 구는 컨트롤러가 실행된다(외부 실호출 0건 — 불변조건5)	404	404	404	LegacyHeaderTokenExtractor (Authorization 헤더 — 구 JwtAuthenticationFilter.kt:39 와 동일)	신 전수실측 무토큰404·유효토큰404(둘 다 비401 = 게이트 통과). 구는 미실측(10·11열 사유)
/api/v1/boost1/organizations/{organizationId}/teams/{teamId}	GET	module-core/core-api/src/main/kotlin/legalcare/medilawyer/apis/reviewBoost/BoostController.kt:60	PERMIT_ALL	GET /api/v1/boost1/**	PERMIT_ALL	LegacyPathAuthPolicy (구 SecurityConfig.kt 규칙표 1:1)	일치	/api/v1/boost1/organizations/1/teams/1	미실측: 구는 컨트롤러가 실행된다(외부 실호출 0건 — 불변조건5)	미실측: 구는 컨트롤러가 실행된다(외부 실호출 0건 — 불변조건5)	404	404	404	LegacyHeaderTokenExtractor (Authorization 헤더 — 구 JwtAuthenticationFilter.kt:39 와 동일)	신 전수실측 무토큰404·유효토큰404(둘 다 비401 = 게이트 통과). 구는 미실측(10·11열 사유)
/api/v1/boost1/organizations/{organizationId}/teams/{teamId}/gifts	GET	module-core/core-api/src/main/kotlin/legalcare/medilawyer/apis/reviewBoost/BoostController.kt:187	PERMIT_ALL	GET /api/v1/boost1/**	PERMIT_ALL	LegacyPathAuthPolicy (구 SecurityConfig.kt 규칙표 1:1)	일치	/api/v1/boost1/organizations/1/teams/1/gifts	미실측: 구는 컨트롤러가 실행된다(외부 실호출 0건 — 불변조건5)	미실측: 구는 컨트롤러가 실행된다(외부 실호출 0건 — 불변조건5)	404	404	404	LegacyHeaderTokenExtractor (Authorization 헤더 — 구 JwtAuthenticationFilter.kt:39 와 동일)	신 전수실측 무토큰404·유효토큰404(둘 다 비401 = 게이트 통과). 구는 미실측(10·11열 사유)
/api/v1/boost1/organizations/{organizationId}/teams/{teamId}/gifts/{giftId}	DELETE	module-core/core-api/src/main/kotlin/legalcare/medilawyer/apis/reviewBoost/BoostController.kt:216	PERMIT_ALL	DELETE /api/v1/boost1/**	PERMIT_ALL	LegacyPathAuthPolicy (구 SecurityConfig.kt 규칙표 1:1)	일치	/api/v1/boost1/organizations/1/teams/1/gifts/1	미실측: 구는 컨트롤러가 실행된다(외부 실호출 0건 — 불변조건5)	미실측: 구는 컨트롤러가 실행된다(외부 실호출 0건 — 불변조건5)	404	404	404	LegacyHeaderTokenExtractor (Authorization 헤더 — 구 JwtAuthenticationFilter.kt:39 와 동일)	신 전수실측 무토큰404·유효토큰404(둘 다 비401 = 게이트 통과). 구는 미실측(10·11열 사유)
/api/v1/boost1/organizations/{organizationId}/teams/{teamId}/gifts/{giftId}	GET	module-core/core-api/src/main/kotlin/legalcare/medilawyer/apis/reviewBoost/BoostController.kt:201	PERMIT_ALL	GET /api/v1/boost1/**	PERMIT_ALL	LegacyPathAuthPolicy (구 SecurityConfig.kt 규칙표 1:1)	일치	/api/v1/boost1/organizations/1/teams/1/gifts/1	미실측: 구는 컨트롤러가 실행된다(외부 실호출 0건 — 불변조건5)	미실측: 구는 컨트롤러가 실행된다(외부 실호출 0건 — 불변조건5)	404	404	404	LegacyHeaderTokenExtractor (Authorization 헤더 — 구 JwtAuthenticationFilter.kt:39 와 동일)	신 전수실측 무토큰404·유효토큰404(둘 다 비401 = 게이트 통과). 구는 미실측(10·11열 사유)
/api/v1/boost1/organizations/{organizationId}/teams/{teamId}/gifts/{giftId}	POST	module-core/core-api/src/main/kotlin/legalcare/medilawyer/apis/reviewBoost/BoostController.kt:172	PERMIT_ALL	POST /api/v1/boost1/**	PERMIT_ALL	LegacyPathAuthPolicy (구 SecurityConfig.kt 규칙표 1:1)	일치	/api/v1/boost1/organizations/1/teams/1/gifts/1	미실측: 구는 컨트롤러가 실행된다(외부 실호출 0건 — 불변조건5)	미실측: 구는 컨트롤러가 실행된다(외부 실호출 0건 — 불변조건5)	404	404	404	LegacyHeaderTokenExtractor (Authorization 헤더 — 구 JwtAuthenticationFilter.kt:39 와 동일)	신 전수실측 무토큰404·유효토큰404(둘 다 비401 = 게이트 통과). 구는 미실측(10·11열 사유)
/api/v1/boost1/organizations/{organizationId}/teams/{teamId}/message-templates	GET	module-core/core-api/src/main/kotlin/legalcare/medilawyer/apis/reviewBoost/BoostController.kt:47	PERMIT_ALL	GET /api/v1/boost1/**	PERMIT_ALL	LegacyPathAuthPolicy (구 SecurityConfig.kt 규칙표 1:1)	일치	/api/v1/boost1/organizations/1/teams/1/message-templates	미실측: 구는 컨트롤러가 실행된다(외부 실호출 0건 — 불변조건5)	미실측: 구는 컨트롤러가 실행된다(외부 실호출 0건 — 불변조건5)	404	404	404	LegacyHeaderTokenExtractor (Authorization 헤더 — 구 JwtAuthenticationFilter.kt:39 와 동일)	신 전수실측 무토큰404·유효토큰404(둘 다 비401 = 게이트 통과). 구는 미실측(10·11열 사유)
/api/v1/boost1/organizations/{organizationId}/teams/{teamId}/message-templates/{messageTemplateId}	POST	module-core/core-api/src/main/kotlin/legalcare/medilawyer/apis/reviewBoost/BoostController.kt:32	PERMIT_ALL	POST /api/v1/boost1/**	PERMIT_ALL	LegacyPathAuthPolicy (구 SecurityConfig.kt 규칙표 1:1)	일치	/api/v1/boost1/organizations/1/teams/1/message-templates/1	미실측: 구는 컨트롤러가 실행된다(외부 실호출 0건 — 불변조건5)	미실측: 구는 컨트롤러가 실행된다(외부 실호출 0건 — 불변조건5)	404	404	404	LegacyHeaderTokenExtractor (Authorization 헤더 — 구 JwtAuthenticationFilter.kt:39 와 동일)	신 전수실측 무토큰404·유효토큰404(둘 다 비401 = 게이트 통과). 구는 미실측(10·11열 사유)
/api/v1/boost1/organizations/{organizationId}/teams/{teamId}/messages	GET	module-core/core-api/src/main/kotlin/legalcare/medilawyer/apis/reviewBoost/BoostController.kt:75	PERMIT_ALL	GET /api/v1/boost1/**	PERMIT_ALL	LegacyPathAuthPolicy (구 SecurityConfig.kt 규칙표 1:1)	일치	/api/v1/boost1/organizations/1/teams/1/messages	미실측: 구는 컨트롤러가 실행된다(외부 실호출 0건 — 불변조건5)	미실측: 구는 컨트롤러가 실행된다(외부 실호출 0건 — 불변조건5)	404	404	404	LegacyHeaderTokenExtractor (Authorization 헤더 — 구 JwtAuthenticationFilter.kt:39 와 동일)	신 전수실측 무토큰404·유효토큰404(둘 다 비401 = 게이트 통과). 구는 미실측(10·11열 사유)
/api/v1/boost1/organizations/{organizationId}/teams/{teamId}/messages	POST	module-core/core-api/src/main/kotlin/legalcare/medilawyer/apis/reviewBoost/BoostController.kt:109	PERMIT_ALL	POST /api/v1/boost1/**	PERMIT_ALL	LegacyPathAuthPolicy (구 SecurityConfig.kt 규칙표 1:1)	일치	/api/v1/boost1/organizations/1/teams/1/messages	미실측: 구는 컨트롤러가 실행된다(외부 실호출 0건 — 불변조건5)	미실측: 구는 컨트롤러가 실행된다(외부 실호출 0건 — 불변조건5)	404	404	404	LegacyHeaderTokenExtractor (Authorization 헤더 — 구 JwtAuthenticationFilter.kt:39 와 동일)	신 전수실측 무토큰404·유효토큰404(둘 다 비401 = 게이트 통과). 구는 미실측(10·11열 사유)
/api/v1/boost1/organizations/{organizationId}/teams/{teamId}/messages/without-notification	POST	module-core/core-api/src/main/kotlin/legalcare/medilawyer/apis/reviewBoost/BoostController.kt:125	PERMIT_ALL	POST /api/v1/boost1/**	PERMIT_ALL	LegacyPathAuthPolicy (구 SecurityConfig.kt 규칙표 1:1)	일치	/api/v1/boost1/organizations/1/teams/1/messages/without-notification	미실측: 구는 컨트롤러가 실행된다(외부 실호출 0건 — 불변조건5)	미실측: 구는 컨트롤러가 실행된다(외부 실호출 0건 — 불변조건5)	404	404	404	LegacyHeaderTokenExtractor (Authorization 헤더 — 구 JwtAuthenticationFilter.kt:39 와 동일)	신 전수실측 무토큰404·유효토큰404(둘 다 비401 = 게이트 통과). 구는 미실측(10·11열 사유)
/api/v1/boost1/organizations/{organizationId}/teams/{teamId}/messages/{messageId}/posts	POST	module-core/core-api/src/main/kotlin/legalcare/medilawyer/apis/reviewBoost/BoostController.kt:142	PERMIT_ALL	POST /api/v1/boost1/**	PERMIT_ALL	LegacyPathAuthPolicy (구 SecurityConfig.kt 규칙표 1:1)	일치	/api/v1/boost1/organizations/1/teams/1/messages/1/posts	미실측: 구는 컨트롤러가 실행된다(외부 실호출 0건 — 불변조건5)	미실측: 구는 컨트롤러가 실행된다(외부 실호출 0건 — 불변조건5)	404	404	404	LegacyHeaderTokenExtractor (Authorization 헤더 — 구 JwtAuthenticationFilter.kt:39 와 동일)	신 전수실측 무토큰404·유효토큰404(둘 다 비401 = 게이트 통과). 구는 미실측(10·11열 사유)
/api/v1/boost1/organizations/{organizationId}/teams/{teamId}/messages/{messageId}/posts/{postId}/customers/{customerId}/gifts/{giftId}	POST	module-core/core-api/src/main/kotlin/legalcare/medilawyer/apis/reviewBoost/BoostController.kt:231	PERMIT_ALL	POST /api/v1/boost1/**	PERMIT_ALL	LegacyPathAuthPolicy (구 SecurityConfig.kt 규칙표 1:1)	일치	/api/v1/boost1/organizations/1/teams/1/messages/1/posts/1/customers/1/gifts/1	미실측: 구는 컨트롤러가 실행된다(외부 실호출 0건 — 불변조건5)	미실측: 구는 컨트롤러가 실행된다(외부 실호출 0건 — 불변조건5)	404	404	404	LegacyHeaderTokenExtractor (Authorization 헤더 — 구 JwtAuthenticationFilter.kt:39 와 동일)	신 전수실측 무토큰404·유효토큰404(둘 다 비401 = 게이트 통과). 구는 미실측(10·11열 사유)
/api/v1/event-scheduler/add/targets	POST	module-core/core-api/src/main/kotlin/legalcare/medilawyer/eventScheduler/controller/EventSchedulerController.kt:56	AUTHENTICATED	anyRequest().authenticated()	AUTHENTICATED	LegacyPathAuthPolicy (구 SecurityConfig.kt 규칙표 1:1)	일치	/api/v1/event-scheduler/add/targets	401	미실측: 구는 컨트롤러가 실행된다(외부 실호출 0건 — 불변조건5)	401	404	401	LegacyHeaderTokenExtractor (Authorization 헤더 — 구 JwtAuthenticationFilter.kt:39 와 동일)	무토큰 구401=신401 일치 · 유효토큰 신404(게이트 통과) — 수정 전 401, 이 행이 CRITICAL 회귀분
/api/v1/event-scheduler/delete/targets	DELETE	module-core/core-api/src/main/kotlin/legalcare/medilawyer/eventScheduler/controller/EventSchedulerController.kt:72	AUTHENTICATED	anyRequest().authenticated()	AUTHENTICATED	LegacyPathAuthPolicy (구 SecurityConfig.kt 규칙표 1:1)	일치	/api/v1/event-scheduler/delete/targets	401	미실측: 구는 컨트롤러가 실행된다(외부 실호출 0건 — 불변조건5)	401	404	401	LegacyHeaderTokenExtractor (Authorization 헤더 — 구 JwtAuthenticationFilter.kt:39 와 동일)	무토큰 구401=신401 일치 · 유효토큰 신404(게이트 통과) — 수정 전 401, 이 행이 CRITICAL 회귀분
/api/v1/event-scheduler/delete/task	DELETE	module-core/core-api/src/main/kotlin/legalcare/medilawyer/eventScheduler/controller/EventSchedulerController.kt:122	AUTHENTICATED	anyRequest().authenticated()	AUTHENTICATED	LegacyPathAuthPolicy (구 SecurityConfig.kt 규칙표 1:1)	일치	/api/v1/event-scheduler/delete/task	401	미실측: 구는 컨트롤러가 실행된다(외부 실호출 0건 — 불변조건5)	401	404	401	LegacyHeaderTokenExtractor (Authorization 헤더 — 구 JwtAuthenticationFilter.kt:39 와 동일)	무토큰 구401=신401 일치 · 유효토큰 신404(게이트 통과) — 수정 전 401, 이 행이 CRITICAL 회귀분
/api/v1/event-scheduler/register/targets	POST	module-core/core-api/src/main/kotlin/legalcare/medilawyer/eventScheduler/controller/EventSchedulerController.kt:24	AUTHENTICATED	anyRequest().authenticated()	AUTHENTICATED	LegacyPathAuthPolicy (구 SecurityConfig.kt 규칙표 1:1)	일치	/api/v1/event-scheduler/register/targets	401	미실측: 구는 컨트롤러가 실행된다(외부 실호출 0건 — 불변조건5)	401	404	401	LegacyHeaderTokenExtractor (Authorization 헤더 — 구 JwtAuthenticationFilter.kt:39 와 동일)	무토큰 구401=신401 일치 · 유효토큰 신404(게이트 통과) — 수정 전 401, 이 행이 CRITICAL 회귀분
/api/v1/event-scheduler/register/task	POST	module-core/core-api/src/main/kotlin/legalcare/medilawyer/eventScheduler/controller/EventSchedulerController.kt:88	AUTHENTICATED	anyRequest().authenticated()	AUTHENTICATED	LegacyPathAuthPolicy (구 SecurityConfig.kt 규칙표 1:1)	일치	/api/v1/event-scheduler/register/task	401	미실측: 구는 컨트롤러가 실행된다(외부 실호출 0건 — 불변조건5)	401	404	401	LegacyHeaderTokenExtractor (Authorization 헤더 — 구 JwtAuthenticationFilter.kt:39 와 동일)	무토큰 구401=신401 일치 · 유효토큰 신404(게이트 통과) — 수정 전 401, 이 행이 CRITICAL 회귀분
/api/v1/event-scheduler/schedule/task	POST	module-core/core-api/src/main/kotlin/legalcare/medilawyer/eventScheduler/controller/EventSchedulerController.kt:139	AUTHENTICATED	anyRequest().authenticated()	AUTHENTICATED	LegacyPathAuthPolicy (구 SecurityConfig.kt 규칙표 1:1)	일치	/api/v1/event-scheduler/schedule/task	401	미실측: 구는 컨트롤러가 실행된다(외부 실호출 0건 — 불변조건5)	401	404	401	LegacyHeaderTokenExtractor (Authorization 헤더 — 구 JwtAuthenticationFilter.kt:39 와 동일)	무토큰 구401=신401 일치 · 유효토큰 신404(게이트 통과) — 수정 전 401, 이 행이 CRITICAL 회귀분
/api/v1/event-scheduler/update/targets	PATCH	module-core/core-api/src/main/kotlin/legalcare/medilawyer/eventScheduler/controller/EventSchedulerController.kt:40	AUTHENTICATED	anyRequest().authenticated()	AUTHENTICATED	LegacyPathAuthPolicy (구 SecurityConfig.kt 규칙표 1:1)	일치	/api/v1/event-scheduler/update/targets	401	미실측: 구는 컨트롤러가 실행된다(외부 실호출 0건 — 불변조건5)	401	404	401	LegacyHeaderTokenExtractor (Authorization 헤더 — 구 JwtAuthenticationFilter.kt:39 와 동일)	무토큰 구401=신401 일치 · 유효토큰 신404(게이트 통과) — 수정 전 401, 이 행이 CRITICAL 회귀분
/api/v1/event-scheduler/update/task	PATCH	module-core/core-api/src/main/kotlin/legalcare/medilawyer/eventScheduler/controller/EventSchedulerController.kt:105	AUTHENTICATED	anyRequest().authenticated()	AUTHENTICATED	LegacyPathAuthPolicy (구 SecurityConfig.kt 규칙표 1:1)	일치	/api/v1/event-scheduler/update/task	401	미실측: 구는 컨트롤러가 실행된다(외부 실호출 0건 — 불변조건5)	401	404	401	LegacyHeaderTokenExtractor (Authorization 헤더 — 구 JwtAuthenticationFilter.kt:39 와 동일)	무토큰 구401=신401 일치 · 유효토큰 신404(게이트 통과) — 수정 전 401, 이 행이 CRITICAL 회귀분
/api/v1/health	GET	module-core/core-common/src/main/kotlin/legalcare/medilawyer/common/health/HealthCheck.kt:11	PERMIT_ALL	GET /api/v1/health/**	PERMIT_ALL	LegacyPathAuthPolicy (구 SecurityConfig.kt 규칙표 1:1)	일치	/api/v1/health	미실측: 구는 컨트롤러가 실행된다(외부 실호출 0건 — 불변조건5)	200	200	200	200	LegacyHeaderTokenExtractor (Authorization 헤더 — 구 JwtAuthenticationFilter.kt:39 와 동일)	무토큰 구미실측: 구는 컨트롤러가 실행된다(외부 실호출 0건 — 불변조건5)/신200 일치 · 유효토큰 구200=신200 일치
/api/v1/jwt/create	POST	module-core/core-api/src/main/kotlin/legalcare/medilawyer/security/JwtController.kt:24	PERMIT_ALL	POST /api/v1/jwt/create	PERMIT_ALL	LegacyPathAuthPolicy (구 SecurityConfig.kt 규칙표 1:1)	일치	/api/v1/jwt/create	미실측: 구는 컨트롤러가 실행된다(외부 실호출 0건 — 불변조건5)	미실측: 구는 컨트롤러가 실행된다(외부 실호출 0건 — 불변조건5)	404	404	404	LegacyHeaderTokenExtractor (Authorization 헤더 — 구 JwtAuthenticationFilter.kt:39 와 동일)	신 전수실측 무토큰404·유효토큰404(둘 다 비401 = 게이트 통과). 구는 미실측(10·11열 사유)
/api/v1/jwt/refresh	POST	module-core/core-api/src/main/kotlin/legalcare/medilawyer/security/JwtController.kt:41	PERMIT_ALL	POST /api/v1/jwt/refresh	PERMIT_ALL	LegacyPathAuthPolicy (구 SecurityConfig.kt 규칙표 1:1)	일치	/api/v1/jwt/refresh	미실측: 구는 컨트롤러가 실행된다(외부 실호출 0건 — 불변조건5)	미실측: 구는 컨트롤러가 실행된다(외부 실호출 0건 — 불변조건5)	404	404	404	LegacyHeaderTokenExtractor (Authorization 헤더 — 구 JwtAuthenticationFilter.kt:39 와 동일)	신 전수실측 무토큰404·유효토큰404(둘 다 비401 = 게이트 통과). 구는 미실측(10·11열 사유)
/api/v1/kafka/add/thread/crawling/data	POST	module-core/core-api/src/main/kotlin/legalcare/medilawyer/kafka/controller/KafkaController.kt:38	AUTHENTICATED	anyRequest().authenticated()	AUTHENTICATED	LegacyPathAuthPolicy (구 SecurityConfig.kt 규칙표 1:1)	일치	/api/v1/kafka/add/thread/crawling/data	401	미실측: 구는 컨트롤러가 실행된다(외부 실호출 0건 — 불변조건5)	401	404	401	LegacyHeaderTokenExtractor (Authorization 헤더 — 구 JwtAuthenticationFilter.kt:39 와 동일)	무토큰 구401=신401 일치 · 유효토큰 신404(게이트 통과) — 수정 전 401, 이 행이 CRITICAL 회귀분
/api/v1/kafka/notice/crawl/thread/completion	POST	module-core/core-api/src/main/kotlin/legalcare/medilawyer/kafka/controller/KafkaController.kt:50	AUTHENTICATED	anyRequest().authenticated()	AUTHENTICATED	LegacyPathAuthPolicy (구 SecurityConfig.kt 규칙표 1:1)	일치	/api/v1/kafka/notice/crawl/thread/completion	401	미실측: 구는 컨트롤러가 실행된다(외부 실호출 0건 — 불변조건5)	401	404	401	LegacyHeaderTokenExtractor (Authorization 헤더 — 구 JwtAuthenticationFilter.kt:39 와 동일)	무토큰 구401=신401 일치 · 유효토큰 신404(게이트 통과) — 수정 전 401, 이 행이 CRITICAL 회귀분
/api/v1/kafka/review	POST	module-core/core-api/src/main/kotlin/legalcare/medilawyer/kafka/controller/KafkaController.kt:26	AUTHENTICATED	anyRequest().authenticated()	AUTHENTICATED	LegacyPathAuthPolicy (구 SecurityConfig.kt 규칙표 1:1)	일치	/api/v1/kafka/review	401	미실측: 구는 컨트롤러가 실행된다(외부 실호출 0건 — 불변조건5)	401	404	401	LegacyHeaderTokenExtractor (Authorization 헤더 — 구 JwtAuthenticationFilter.kt:39 와 동일)	무토큰 구401=신401 일치 · 유효토큰 신404(게이트 통과) — 수정 전 401, 이 행이 CRITICAL 회귀분
/api/v1/ml/capture-image	GET	module-client/core-client/src/main/kotlin/legalcare/medilawyer/client/ml/controller/MlController.kt:22	AUTHENTICATED	anyRequest().authenticated()	AUTHENTICATED	LegacyPathAuthPolicy (구 SecurityConfig.kt 규칙표 1:1)	일치	/api/v1/ml/capture-image	401	미실측: 구는 컨트롤러가 실행된다(외부 실호출 0건 — 불변조건5)	401	404	401	LegacyHeaderTokenExtractor (Authorization 헤더 — 구 JwtAuthenticationFilter.kt:39 와 동일)	무토큰 구401=신401 일치 · 유효토큰 신404(게이트 통과) — 수정 전 401, 이 행이 CRITICAL 회귀분
/api/v1/negative-review-alimtalk	POST	module-core/core-api/src/main/kotlin/legalcare/medilawyer/notice/api/controller/NoticeController.kt:64	AUTHENTICATED	anyRequest().authenticated()	AUTHENTICATED	LegacyPathAuthPolicy (구 SecurityConfig.kt 규칙표 1:1)	일치	/api/v1/negative-review-alimtalk	401	미실측: 구는 컨트롤러가 실행된다(외부 실호출 0건 — 불변조건5)	401	404	401	LegacyHeaderTokenExtractor (Authorization 헤더 — 구 JwtAuthenticationFilter.kt:39 와 동일)	무토큰 구401=신401 일치 · 유효토큰 신404(게이트 통과) — 수정 전 401, 이 행이 CRITICAL 회귀분
/api/v1/notice	POST	module-core/core-api/src/main/kotlin/legalcare/medilawyer/notice/api/controller/NoticeController.kt:36	AUTHENTICATED	anyRequest().authenticated()	AUTHENTICATED	LegacyPathAuthPolicy (구 SecurityConfig.kt 규칙표 1:1)	일치	/api/v1/notice	401	미실측: 구는 컨트롤러가 실행된다(외부 실호출 0건 — 불변조건5)	401	404	401	LegacyHeaderTokenExtractor (Authorization 헤더 — 구 JwtAuthenticationFilter.kt:39 와 동일)	무토큰 구401=신401 일치 · 유효토큰 신404(게이트 통과) — 수정 전 401, 이 행이 CRITICAL 회귀분
/api/v1/organization/{organizationId}	PATCH	module-core/core-api/src/main/kotlin/legalcare/medilawyer/apis/http/organization/controller/OrganizationController.kt:64	AUTHENTICATED	anyRequest().authenticated()	AUTHENTICATED	LegacyPathAuthPolicy (구 SecurityConfig.kt 규칙표 1:1)	일치	/api/v1/organization/1	401	미실측: 구는 컨트롤러가 실행된다(외부 실호출 0건 — 불변조건5)	401	404	401	LegacyHeaderTokenExtractor (Authorization 헤더 — 구 JwtAuthenticationFilter.kt:39 와 동일)	무토큰 구401=신401 일치 · 유효토큰 신404(게이트 통과) — 수정 전 401, 이 행이 CRITICAL 회귀분
/api/v1/organizations	POST	module-core/core-api/src/main/kotlin/legalcare/medilawyer/apis/http/organization/controller/OrganizationController.kt:47	AUTHENTICATED	anyRequest().authenticated()	AUTHENTICATED	LegacyPathAuthPolicy (구 SecurityConfig.kt 규칙표 1:1)	일치	/api/v1/organizations	401	미실측: 구는 컨트롤러가 실행된다(외부 실호출 0건 — 불변조건5)	401	404	401	LegacyHeaderTokenExtractor (Authorization 헤더 — 구 JwtAuthenticationFilter.kt:39 와 동일)	무토큰 구401=신401 일치 · 유효토큰 신404(게이트 통과) — 수정 전 401, 이 행이 CRITICAL 회귀분
/api/v1/organizations/{organizationId}	GET	module-core/core-api/src/main/kotlin/legalcare/medilawyer/apis/http/organization/controller/OrganizationController.kt:152	AUTHENTICATED	anyRequest().authenticated()	AUTHENTICATED	LegacyPathAuthPolicy (구 SecurityConfig.kt 규칙표 1:1)	일치	/api/v1/organizations/1	401	미실측: 구는 컨트롤러가 실행된다(외부 실호출 0건 — 불변조건5)	401	404	401	LegacyHeaderTokenExtractor (Authorization 헤더 — 구 JwtAuthenticationFilter.kt:39 와 동일)	무토큰 구401=신401 일치 · 유효토큰 신404(게이트 통과) — 수정 전 401, 이 행이 CRITICAL 회귀분
/api/v1/organizations/{organizationId}/invitations	POST	module-core/core-api/src/main/kotlin/legalcare/medilawyer/apis/http/organization/controller/OrganizationController.kt:244	PERMIT_ALL	POST /api/v1/organizations/{organizationId}/invitations	PERMIT_ALL	LegacyPathAuthPolicy (구 SecurityConfig.kt 규칙표 1:1)	일치	/api/v1/organizations/1/invitations	미실측: 구는 컨트롤러가 실행된다(외부 실호출 0건 — 불변조건5)	미실측: 구는 컨트롤러가 실행된다(외부 실호출 0건 — 불변조건5)	404	404	404	LegacyHeaderTokenExtractor (Authorization 헤더 — 구 JwtAuthenticationFilter.kt:39 와 동일)	신 전수실측 무토큰404·유효토큰404(둘 다 비401 = 게이트 통과). 구는 미실측(10·11열 사유)
/api/v1/organizations/{organizationId}/invitations/{invitationToken}	GET	module-core/core-api/src/main/kotlin/legalcare/medilawyer/apis/http/organization/controller/OrganizationController.kt:264	PERMIT_ALL	GET /api/v1/organizations/{organizationId}/invitations/{token}	PERMIT_ALL	LegacyPathAuthPolicy (구 SecurityConfig.kt 규칙표 1:1)	일치	/api/v1/organizations/1/invitations/1	미실측: 구는 컨트롤러가 실행된다(외부 실호출 0건 — 불변조건5)	미실측: 구는 컨트롤러가 실행된다(외부 실호출 0건 — 불변조건5)	404	404	404	LegacyHeaderTokenExtractor (Authorization 헤더 — 구 JwtAuthenticationFilter.kt:39 와 동일)	신 전수실측 무토큰404·유효토큰404(둘 다 비401 = 게이트 통과). 구는 미실측(10·11열 사유)
/api/v1/organizations/{organizationId}/invitations/{invitationToken}/accept	POST	module-core/core-api/src/main/kotlin/legalcare/medilawyer/apis/http/organization/controller/OrganizationController.kt:278	PERMIT_ALL	POST /api/v1/organizations/{organizationId}/invitations/{invitationToken}/accept	PERMIT_ALL	LegacyPathAuthPolicy (구 SecurityConfig.kt 규칙표 1:1)	일치	/api/v1/organizations/1/invitations/1/accept	미실측: 구는 컨트롤러가 실행된다(외부 실호출 0건 — 불변조건5)	미실측: 구는 컨트롤러가 실행된다(외부 실호출 0건 — 불변조건5)	404	404	404	LegacyHeaderTokenExtractor (Authorization 헤더 — 구 JwtAuthenticationFilter.kt:39 와 동일)	신 전수실측 무토큰404·유효토큰404(둘 다 비401 = 게이트 통과). 구는 미실측(10·11열 사유)
/api/v1/organizations/{organizationId}/teams	GET	module-core/core-api/src/main/kotlin/legalcare/medilawyer/apis/http/organization/controller/OrganizationController.kt:169	AUTHENTICATED	anyRequest().authenticated()	AUTHENTICATED	LegacyPathAuthPolicy (구 SecurityConfig.kt 규칙표 1:1)	일치	/api/v1/organizations/1/teams	401	미실측: 구는 컨트롤러가 실행된다(외부 실호출 0건 — 불변조건5)	401	404	401	LegacyHeaderTokenExtractor (Authorization 헤더 — 구 JwtAuthenticationFilter.kt:39 와 동일)	무토큰 구401=신401 일치 · 유효토큰 신404(게이트 통과) — 수정 전 401, 이 행이 CRITICAL 회귀분
/api/v1/organizations/{organizationId}/teams	POST	module-core/core-api/src/main/kotlin/legalcare/medilawyer/apis/http/organization/controller/OrganizationController.kt:132	AUTHENTICATED	anyRequest().authenticated()	AUTHENTICATED	LegacyPathAuthPolicy (구 SecurityConfig.kt 규칙표 1:1)	일치	/api/v1/organizations/1/teams	401	미실측: 구는 컨트롤러가 실행된다(외부 실호출 0건 — 불변조건5)	401	404	401	LegacyHeaderTokenExtractor (Authorization 헤더 — 구 JwtAuthenticationFilter.kt:39 와 동일)	무토큰 구401=신401 일치 · 유효토큰 신404(게이트 통과) — 수정 전 401, 이 행이 CRITICAL 회귀분
/api/v1/organizations/{organizationId}/teams/users/{targetUserId}/permission	PATCH	module-core/core-api/src/main/kotlin/legalcare/medilawyer/apis/http/organization/controller/OrganizationController.kt:226	AUTHENTICATED	anyRequest().authenticated()	AUTHENTICATED	LegacyPathAuthPolicy (구 SecurityConfig.kt 규칙표 1:1)	일치	/api/v1/organizations/1/teams/users/1/permission	401	미실측: 구는 컨트롤러가 실행된다(외부 실호출 0건 — 불변조건5)	401	404	401	LegacyHeaderTokenExtractor (Authorization 헤더 — 구 JwtAuthenticationFilter.kt:39 와 동일)	무토큰 구401=신401 일치 · 유효토큰 신404(게이트 통과) — 수정 전 401, 이 행이 CRITICAL 회귀분
/api/v1/organizations/{organizationId}/teams/{teamId}	DELETE	module-core/core-api/src/main/kotlin/legalcare/medilawyer/apis/http/organization/controller/OrganizationController.kt:187	AUTHENTICATED	anyRequest().authenticated()	AUTHENTICATED	LegacyPathAuthPolicy (구 SecurityConfig.kt 규칙표 1:1)	일치	/api/v1/organizations/1/teams/1	401	미실측: 구는 컨트롤러가 실행된다(외부 실호출 0건 — 불변조건5)	401	404	401	LegacyHeaderTokenExtractor (Authorization 헤더 — 구 JwtAuthenticationFilter.kt:39 와 동일)	무토큰 구401=신401 일치 · 유효토큰 신404(게이트 통과) — 수정 전 401, 이 행이 CRITICAL 회귀분
/api/v1/organizations/{organizationId}/teams/{teamId}/channel-accounts	GET	module-core/core-api/src/main/kotlin/legalcare/medilawyer/apis/http/organization/controller/OrganizationController.kt:353	AUTHENTICATED	anyRequest().authenticated()	AUTHENTICATED	LegacyPathAuthPolicy (구 SecurityConfig.kt 규칙표 1:1)	일치	/api/v1/organizations/1/teams/1/channel-accounts	401	미실측: 구는 컨트롤러가 실행된다(외부 실호출 0건 — 불변조건5)	401	404	401	LegacyHeaderTokenExtractor (Authorization 헤더 — 구 JwtAuthenticationFilter.kt:39 와 동일)	무토큰 구401=신401 일치 · 유효토큰 신404(게이트 통과) — 수정 전 401, 이 행이 CRITICAL 회귀분
/api/v1/organizations/{organizationId}/teams/{teamId}/channel-accounts/kakao/sms	POST	module-core/core-api/src/main/kotlin/legalcare/medilawyer/apis/http/organization/controller/OrganizationController.kt:394	AUTHENTICATED	anyRequest().authenticated()	AUTHENTICATED	LegacyPathAuthPolicy (구 SecurityConfig.kt 규칙표 1:1)	일치	/api/v1/organizations/1/teams/1/channel-accounts/kakao/sms	401	미실측: 구는 컨트롤러가 실행된다(외부 실호출 0건 — 불변조건5)	401	404	401	LegacyHeaderTokenExtractor (Authorization 헤더 — 구 JwtAuthenticationFilter.kt:39 와 동일)	무토큰 구401=신401 일치 · 유효토큰 신404(게이트 통과) — 수정 전 401, 이 행이 CRITICAL 회귀분
/api/v1/organizations/{organizationId}/teams/{teamId}/channel-accounts/login	POST	module-core/core-api/src/main/kotlin/legalcare/medilawyer/apis/http/organization/controller/OrganizationController.kt:369	AUTHENTICATED	anyRequest().authenticated()	AUTHENTICATED	LegacyPathAuthPolicy (구 SecurityConfig.kt 규칙표 1:1)	일치	/api/v1/organizations/1/teams/1/channel-accounts/login	401	미실측: 구는 컨트롤러가 실행된다(외부 실호출 0건 — 불변조건5)	401	404	401	LegacyHeaderTokenExtractor (Authorization 헤더 — 구 JwtAuthenticationFilter.kt:39 와 동일)	무토큰 구401=신401 일치 · 유효토큰 신404(게이트 통과) — 수정 전 401, 이 행이 CRITICAL 회귀분
/api/v1/organizations/{organizationId}/teams/{teamId}/channel-accounts/naver/captcha	POST	module-core/core-api/src/main/kotlin/legalcare/medilawyer/apis/http/organization/controller/OrganizationController.kt:418	AUTHENTICATED	anyRequest().authenticated()	AUTHENTICATED	LegacyPathAuthPolicy (구 SecurityConfig.kt 규칙표 1:1)	일치	/api/v1/organizations/1/teams/1/channel-accounts/naver/captcha	401	미실측: 구는 컨트롤러가 실행된다(외부 실호출 0건 — 불변조건5)	401	404	401	LegacyHeaderTokenExtractor (Authorization 헤더 — 구 JwtAuthenticationFilter.kt:39 와 동일)	무토큰 구401=신401 일치 · 유효토큰 신404(게이트 통과) — 수정 전 401, 이 행이 CRITICAL 회귀분
/api/v1/organizations/{organizationId}/teams/{teamId}/channel-accounts/relogin	POST	module-core/core-api/src/main/kotlin/legalcare/medilawyer/apis/http/organization/controller/OrganizationController.kt:441	AUTHENTICATED	anyRequest().authenticated()	AUTHENTICATED	LegacyPathAuthPolicy (구 SecurityConfig.kt 규칙표 1:1)	일치	/api/v1/organizations/1/teams/1/channel-accounts/relogin	401	미실측: 구는 컨트롤러가 실행된다(외부 실호출 0건 — 불변조건5)	401	404	401	LegacyHeaderTokenExtractor (Authorization 헤더 — 구 JwtAuthenticationFilter.kt:39 와 동일)	무토큰 구401=신401 일치 · 유효토큰 신404(게이트 통과) — 수정 전 401, 이 행이 CRITICAL 회귀분
/api/v1/organizations/{organizationId}/teams/{teamId}/users	GET	module-core/core-api/src/main/kotlin/legalcare/medilawyer/apis/http/organization/controller/OrganizationController.kt:107	AUTHENTICATED	anyRequest().authenticated()	AUTHENTICATED	LegacyPathAuthPolicy (구 SecurityConfig.kt 규칙표 1:1)	일치	/api/v1/organizations/1/teams/1/users	401	미실측: 구는 컨트롤러가 실행된다(외부 실호출 0건 — 불변조건5)	401	404	401	LegacyHeaderTokenExtractor (Authorization 헤더 — 구 JwtAuthenticationFilter.kt:39 와 동일)	무토큰 구401=신401 일치 · 유효토큰 신404(게이트 통과) — 수정 전 401, 이 행이 CRITICAL 회귀분
/api/v1/organizations/{organizationId}/teams/{teamId}/users/{targetAppUserId}	DELETE	module-core/core-api/src/main/kotlin/legalcare/medilawyer/apis/http/organization/controller/OrganizationController.kt:332	AUTHENTICATED	anyRequest().authenticated()	AUTHENTICATED	LegacyPathAuthPolicy (구 SecurityConfig.kt 규칙표 1:1)	일치	/api/v1/organizations/1/teams/1/users/1	401	미실측: 구는 컨트롤러가 실행된다(외부 실호출 0건 — 불변조건5)	401	404	401	LegacyHeaderTokenExtractor (Authorization 헤더 — 구 JwtAuthenticationFilter.kt:39 와 동일)	무토큰 구401=신401 일치 · 유효토큰 신404(게이트 통과) — 수정 전 401, 이 행이 CRITICAL 회귀분
/api/v1/organizations/{organizationId}/teams/{teamId}/users/{targetUserId}	POST	module-core/core-api/src/main/kotlin/legalcare/medilawyer/apis/http/organization/controller/OrganizationController.kt:292	AUTHENTICATED	anyRequest().authenticated()	AUTHENTICATED	LegacyPathAuthPolicy (구 SecurityConfig.kt 규칙표 1:1)	일치	/api/v1/organizations/1/teams/1/users/1	401	미실측: 구는 컨트롤러가 실행된다(외부 실호출 0건 — 불변조건5)	401	404	401	LegacyHeaderTokenExtractor (Authorization 헤더 — 구 JwtAuthenticationFilter.kt:39 와 동일)	무토큰 구401=신401 일치 · 유효토큰 신404(게이트 통과) — 수정 전 401, 이 행이 CRITICAL 회귀분
/api/v1/organizations/{organizationId}/users	GET	module-core/core-api/src/main/kotlin/legalcare/medilawyer/apis/http/organization/controller/OrganizationController.kt:82	AUTHENTICATED	anyRequest().authenticated()	AUTHENTICATED	LegacyPathAuthPolicy (구 SecurityConfig.kt 규칙표 1:1)	일치	/api/v1/organizations/1/users	401	미실측: 구는 컨트롤러가 실행된다(외부 실호출 0건 — 불변조건5)	401	404	401	LegacyHeaderTokenExtractor (Authorization 헤더 — 구 JwtAuthenticationFilter.kt:39 와 동일)	무토큰 구401=신401 일치 · 유효토큰 신404(게이트 통과) — 수정 전 401, 이 행이 CRITICAL 회귀분
/api/v1/organizations/{organizationId}/users/{targetAppUserId}	DELETE	module-core/core-api/src/main/kotlin/legalcare/medilawyer/apis/http/organization/controller/OrganizationController.kt:313	AUTHENTICATED	anyRequest().authenticated()	AUTHENTICATED	LegacyPathAuthPolicy (구 SecurityConfig.kt 규칙표 1:1)	일치	/api/v1/organizations/1/users/1	401	미실측: 구는 컨트롤러가 실행된다(외부 실호출 0건 — 불변조건5)	401	404	401	LegacyHeaderTokenExtractor (Authorization 헤더 — 구 JwtAuthenticationFilter.kt:39 와 동일)	무토큰 구401=신401 일치 · 유효토큰 신404(게이트 통과) — 수정 전 401, 이 행이 CRITICAL 회귀분
/api/v1/organizations/{organizationId}/users/{targetUserId}/role	PATCH	module-core/core-api/src/main/kotlin/legalcare/medilawyer/apis/http/organization/controller/OrganizationController.kt:207	AUTHENTICATED	anyRequest().authenticated()	AUTHENTICATED	LegacyPathAuthPolicy (구 SecurityConfig.kt 규칙표 1:1)	일치	/api/v1/organizations/1/users/1/role	401	미실측: 구는 컨트롤러가 실행된다(외부 실호출 0건 — 불변조건5)	401	404	401	LegacyHeaderTokenExtractor (Authorization 헤더 — 구 JwtAuthenticationFilter.kt:39 와 동일)	무토큰 구401=신401 일치 · 유효토큰 신404(게이트 통과) — 수정 전 401, 이 행이 CRITICAL 회귀분
/api/v1/otp/send	POST	module-core/core-api/src/main/kotlin/legalcare/medilawyer/auth/api/controller/OtpController.kt:18	PERMIT_ALL	POST /api/v1/otp/send	PERMIT_ALL	LegacyPathAuthPolicy (구 SecurityConfig.kt 규칙표 1:1)	일치	/api/v1/otp/send	미실측: 구는 컨트롤러가 실행된다(외부 실호출 0건 — 불변조건5)	미실측: 구는 컨트롤러가 실행된다(외부 실호출 0건 — 불변조건5)	404	404	404	LegacyHeaderTokenExtractor (Authorization 헤더 — 구 JwtAuthenticationFilter.kt:39 와 동일)	신 전수실측 무토큰404·유효토큰404(둘 다 비401 = 게이트 통과). 구는 미실측(10·11열 사유)
/api/v1/post-reply	POST	module-core/core-api/src/main/kotlin/legalcare/medilawyer/apis/http/postReply/controller/PostReplyController.kt:33	AUTHENTICATED	anyRequest().authenticated()	AUTHENTICATED	LegacyPathAuthPolicy (구 SecurityConfig.kt 규칙표 1:1)	일치	/api/v1/post-reply	401	미실측: 구는 컨트롤러가 실행된다(외부 실호출 0건 — 불변조건5)	401	404	401	LegacyHeaderTokenExtractor (Authorization 헤더 — 구 JwtAuthenticationFilter.kt:39 와 동일)	무토큰 구401=신401 일치 · 유효토큰 신404(게이트 통과) — 수정 전 401, 이 행이 CRITICAL 회귀분
/api/v1/post-reply-ai-recommend	POST	module-core/core-api/src/main/kotlin/legalcare/medilawyer/apis/http/postReplyAiRecommend/controller/PostReplyAiRecommendController.kt:25	PERMIT_ALL	POST /api/v1/post-reply-ai-recommend	PERMIT_ALL	LegacyPathAuthPolicy (구 SecurityConfig.kt 규칙표 1:1)	일치	/api/v1/post-reply-ai-recommend	미실측: 구는 컨트롤러가 실행된다(외부 실호출 0건 — 불변조건5)	미실측: 구는 컨트롤러가 실행된다(외부 실호출 0건 — 불변조건5)	404	404	404	LegacyHeaderTokenExtractor (Authorization 헤더 — 구 JwtAuthenticationFilter.kt:39 와 동일)	신 전수실측 무토큰404·유효토큰404(둘 다 비401 = 게이트 통과). 구는 미실측(10·11열 사유)
/api/v1/post-word/statistics	GET	module-core/core-api/src/main/kotlin/legalcare/medilawyer/apis/http/postWord/controller/PostWordController.kt:27	PERMIT_ALL	GET /api/v1/post-word/statistics	PERMIT_ALL	LegacyPathAuthPolicy (구 SecurityConfig.kt 규칙표 1:1)	일치	/api/v1/post-word/statistics	미실측: 구는 컨트롤러가 실행된다(외부 실호출 0건 — 불변조건5)	미실측: 구는 컨트롤러가 실행된다(외부 실호출 0건 — 불변조건5)	404	404	404	LegacyHeaderTokenExtractor (Authorization 헤더 — 구 JwtAuthenticationFilter.kt:39 와 동일)	신 전수실측 무토큰404·유효토큰404(둘 다 비401 = 게이트 통과). 구는 미실측(10·11열 사유)
/api/v1/posts	GET	module-core/core-api/src/main/kotlin/legalcare/medilawyer/apis/http/post/controller/PostController.kt:27	PERMIT_ALL	GET /api/v1/posts/**	PERMIT_ALL	LegacyPathAuthPolicy (구 SecurityConfig.kt 규칙표 1:1)	일치	/api/v1/posts	미실측: 구는 컨트롤러가 실행된다(외부 실호출 0건 — 불변조건5)	미실측: 구는 컨트롤러가 실행된다(외부 실호출 0건 — 불변조건5)	404	404	404	LegacyHeaderTokenExtractor (Authorization 헤더 — 구 JwtAuthenticationFilter.kt:39 와 동일)	신 전수실측 무토큰404·유효토큰404(둘 다 비401 = 게이트 통과). 구는 미실측(10·11열 사유)
/api/v1/products/{productName}/purchases	POST	module-core/core-api/src/main/kotlin/legalcare/medilawyer/apis/http/productPost/controller/ProductController.kt:30	AUTHENTICATED	anyRequest().authenticated()	AUTHENTICATED	LegacyPathAuthPolicy (구 SecurityConfig.kt 규칙표 1:1)	일치	/api/v1/products/1/purchases	401	미실측: 구는 컨트롤러가 실행된다(외부 실호출 0건 — 불변조건5)	401	404	401	LegacyHeaderTokenExtractor (Authorization 헤더 — 구 JwtAuthenticationFilter.kt:39 와 동일)	무토큰 구401=신401 일치 · 유효토큰 신404(게이트 통과) — 수정 전 401, 이 행이 CRITICAL 회귀분
/api/v1/public/hospitals	GET	module-core/core-api/src/main/kotlin/legalcare/medilawyer/apis/publicSeo/controller/PublicHospitalController.kt:19	PERMIT_ALL	GET /api/v1/public/**	PERMIT_ALL	LegacyPathAuthPolicy (구 SecurityConfig.kt 규칙표 1:1)	일치	/api/v1/public/hospitals	미실측: 구는 컨트롤러가 실행된다(외부 실호출 0건 — 불변조건5)	미실측: 구는 컨트롤러가 실행된다(외부 실호출 0건 — 불변조건5)	404	404	404	LegacyHeaderTokenExtractor (Authorization 헤더 — 구 JwtAuthenticationFilter.kt:39 와 동일)	신 전수실측 무토큰404·유효토큰404(둘 다 비401 = 게이트 통과). 구는 미실측(10·11열 사유)
/api/v1/public/hospitals/{storeId}	GET	module-core/core-api/src/main/kotlin/legalcare/medilawyer/apis/publicSeo/controller/PublicHospitalController.kt:26	PERMIT_ALL	GET /api/v1/public/**	PERMIT_ALL	LegacyPathAuthPolicy (구 SecurityConfig.kt 규칙표 1:1)	일치	/api/v1/public/hospitals/1	미실측: 구는 컨트롤러가 실행된다(외부 실호출 0건 — 불변조건5)	미실측: 구는 컨트롤러가 실행된다(외부 실호출 0건 — 불변조건5)	404	404	404	LegacyHeaderTokenExtractor (Authorization 헤더 — 구 JwtAuthenticationFilter.kt:39 와 동일)	신 전수실측 무토큰404·유효토큰404(둘 다 비401 = 게이트 통과). 구는 미실측(10·11열 사유)
/api/v1/schedule	POST	module-core/core-api/src/main/kotlin/legalcare/medilawyer/schedule/controller/ScheduledController.kt:20	AUTHENTICATED	anyRequest().authenticated()	AUTHENTICATED	LegacyPathAuthPolicy (구 SecurityConfig.kt 규칙표 1:1)	일치	/api/v1/schedule	401	미실측: 구는 컨트롤러가 실행된다(외부 실호출 0건 — 불변조건5)	401	404	401	LegacyHeaderTokenExtractor (Authorization 헤더 — 구 JwtAuthenticationFilter.kt:39 와 동일)	무토큰 구401=신401 일치 · 유효토큰 신404(게이트 통과) — 수정 전 401, 이 행이 CRITICAL 회귀분
/api/v1/schedule/alimtalk/new-negative-post	POST	module-core/core-api/src/main/kotlin/legalcare/medilawyer/schedule/controller/ScheduledController.kt:79	PERMIT_ALL	POST /api/v1/schedule/alimtalk/**	PERMIT_ALL	LegacyPathAuthPolicy (구 SecurityConfig.kt 규칙표 1:1)	일치	/api/v1/schedule/alimtalk/new-negative-post	미실측: 구는 컨트롤러가 실행된다(외부 실호출 0건 — 불변조건5)	미실측: 구는 컨트롤러가 실행된다(외부 실호출 0건 — 불변조건5)	404	404	404	LegacyHeaderTokenExtractor (Authorization 헤더 — 구 JwtAuthenticationFilter.kt:39 와 동일)	신 전수실측 무토큰404·유효토큰404(둘 다 비401 = 게이트 통과). 구는 미실측(10·11열 사유)
/api/v1/schedule/alimtalk/new-positive-post	POST	module-core/core-api/src/main/kotlin/legalcare/medilawyer/schedule/controller/ScheduledController.kt:95	PERMIT_ALL	POST /api/v1/schedule/alimtalk/**	PERMIT_ALL	LegacyPathAuthPolicy (구 SecurityConfig.kt 규칙표 1:1)	일치	/api/v1/schedule/alimtalk/new-positive-post	미실측: 구는 컨트롤러가 실행된다(외부 실호출 0건 — 불변조건5)	미실측: 구는 컨트롤러가 실행된다(외부 실호출 0건 — 불변조건5)	404	404	404	LegacyHeaderTokenExtractor (Authorization 헤더 — 구 JwtAuthenticationFilter.kt:39 와 동일)	신 전수실측 무토큰404·유효토큰404(둘 다 비401 = 게이트 통과). 구는 미실측(10·11열 사유)
/api/v1/schedule/status	GET	module-core/core-api/src/main/kotlin/legalcare/medilawyer/schedule/controller/ScheduledController.kt:36	AUTHENTICATED	anyRequest().authenticated()	AUTHENTICATED	LegacyPathAuthPolicy (구 SecurityConfig.kt 규칙표 1:1)	일치	/api/v1/schedule/status	401	미실측: 구는 컨트롤러가 실행된다(외부 실호출 0건 — 불변조건5)	401	404	401	LegacyHeaderTokenExtractor (Authorization 헤더 — 구 JwtAuthenticationFilter.kt:39 와 동일)	무토큰 구401=신401 일치 · 유효토큰 신404(게이트 통과) — 수정 전 401, 이 행이 CRITICAL 회귀분
/api/v1/schedule/status	POST	module-core/core-api/src/main/kotlin/legalcare/medilawyer/schedule/controller/ScheduledController.kt:61	AUTHENTICATED	anyRequest().authenticated()	AUTHENTICATED	LegacyPathAuthPolicy (구 SecurityConfig.kt 규칙표 1:1)	일치	/api/v1/schedule/status	401	미실측: 구는 컨트롤러가 실행된다(외부 실호출 0건 — 불변조건5)	401	404	401	LegacyHeaderTokenExtractor (Authorization 헤더 — 구 JwtAuthenticationFilter.kt:39 와 동일)	무토큰 구401=신401 일치 · 유효토큰 신404(게이트 통과) — 수정 전 401, 이 행이 CRITICAL 회귀분
/api/v1/store-channel/search/google	GET	module-core/core-api/src/main/kotlin/legalcare/medilawyer/apis/http/storeChannel/controller/StoreChannelController.kt:76	AUTHENTICATED	anyRequest().authenticated()	AUTHENTICATED	LegacyPathAuthPolicy (구 SecurityConfig.kt 규칙표 1:1)	일치	/api/v1/store-channel/search/google	401	미실측: 구는 컨트롤러가 실행된다(외부 실호출 0건 — 불변조건5)	401	404	401	LegacyHeaderTokenExtractor (Authorization 헤더 — 구 JwtAuthenticationFilter.kt:39 와 동일)	무토큰 구401=신401 일치 · 유효토큰 신404(게이트 통과) — 수정 전 401, 이 행이 CRITICAL 회귀분
/api/v1/store-channel/search/kakao	GET	module-core/core-api/src/main/kotlin/legalcare/medilawyer/apis/http/storeChannel/controller/StoreChannelController.kt:50	AUTHENTICATED	anyRequest().authenticated()	AUTHENTICATED	LegacyPathAuthPolicy (구 SecurityConfig.kt 규칙표 1:1)	일치	/api/v1/store-channel/search/kakao	401	미실측: 구는 컨트롤러가 실행된다(외부 실호출 0건 — 불변조건5)	401	404	401	LegacyHeaderTokenExtractor (Authorization 헤더 — 구 JwtAuthenticationFilter.kt:39 와 동일)	무토큰 구401=신401 일치 · 유효토큰 신404(게이트 통과) — 수정 전 401, 이 행이 CRITICAL 회귀분
/api/v1/store-channel/search/modoodoc	GET	module-core/core-api/src/main/kotlin/legalcare/medilawyer/apis/http/storeChannel/controller/StoreChannelController.kt:63	AUTHENTICATED	anyRequest().authenticated()	AUTHENTICATED	LegacyPathAuthPolicy (구 SecurityConfig.kt 규칙표 1:1)	일치	/api/v1/store-channel/search/modoodoc	401	미실측: 구는 컨트롤러가 실행된다(외부 실호출 0건 — 불변조건5)	401	404	401	LegacyHeaderTokenExtractor (Authorization 헤더 — 구 JwtAuthenticationFilter.kt:39 와 동일)	무토큰 구401=신401 일치 · 유효토큰 신404(게이트 통과) — 수정 전 401, 이 행이 CRITICAL 회귀분
/api/v1/store-channel/search/naver	GET	module-core/core-api/src/main/kotlin/legalcare/medilawyer/apis/http/storeChannel/controller/StoreChannelController.kt:25	PERMIT_ALL	GET /api/v1/store-channel/search/naver	PERMIT_ALL	LegacyPathAuthPolicy (구 SecurityConfig.kt 규칙표 1:1)	일치	/api/v1/store-channel/search/naver	미실측: 구는 컨트롤러가 실행된다(외부 실호출 0건 — 불변조건5)	미실측: 구는 컨트롤러가 실행된다(외부 실호출 0건 — 불변조건5)	404	404	404	LegacyHeaderTokenExtractor (Authorization 헤더 — 구 JwtAuthenticationFilter.kt:39 와 동일)	신 전수실측 무토큰404·유효토큰404(둘 다 비401 = 게이트 통과). 구는 미실측(10·11열 사유)
/api/v1/store-channel/search/unofficial/naver	GET	module-core/core-api/src/main/kotlin/legalcare/medilawyer/apis/http/storeChannel/controller/StoreChannelController.kt:38	AUTHENTICATED	anyRequest().authenticated()	AUTHENTICATED	LegacyPathAuthPolicy (구 SecurityConfig.kt 규칙표 1:1)	일치	/api/v1/store-channel/search/unofficial/naver	401	미실측: 구는 컨트롤러가 실행된다(외부 실호출 0건 — 불변조건5)	401	404	401	LegacyHeaderTokenExtractor (Authorization 헤더 — 구 JwtAuthenticationFilter.kt:39 와 동일)	무토큰 구401=신401 일치 · 유효토큰 신404(게이트 통과) — 수정 전 401, 이 행이 CRITICAL 회귀분
/api/v1/store/register	POST	module-core/core-api/src/main/kotlin/legalcare/medilawyer/apis/http/store/controller/StoreController.kt:78	PERMIT_ALL	POST /api/v1/store/register	PERMIT_ALL	LegacyPathAuthPolicy (구 SecurityConfig.kt 규칙표 1:1)	일치	/api/v1/store/register	미실측: 구는 컨트롤러가 실행된다(외부 실호출 0건 — 불변조건5)	미실측: 구는 컨트롤러가 실행된다(외부 실호출 0건 — 불변조건5)	404	404	404	LegacyHeaderTokenExtractor (Authorization 헤더 — 구 JwtAuthenticationFilter.kt:39 와 동일)	신 전수실측 무토큰404·유효토큰404(둘 다 비401 = 게이트 통과). 구는 미실측(10·11열 사유)
/api/v1/store/search	GET	module-core/core-api/src/main/kotlin/legalcare/medilawyer/apis/http/store/controller/StoreController.kt:52	PERMIT_ALL	GET /api/v1/store/*	PERMIT_ALL	LegacyPathAuthPolicy (구 SecurityConfig.kt 규칙표 1:1)	일치	/api/v1/store/search	미실측: 구는 컨트롤러가 실행된다(외부 실호출 0건 — 불변조건5)	미실측: 구는 컨트롤러가 실행된다(외부 실호출 0건 — 불변조건5)	404	404	404	LegacyHeaderTokenExtractor (Authorization 헤더 — 구 JwtAuthenticationFilter.kt:39 와 동일)	신 전수실측 무토큰404·유효토큰404(둘 다 비401 = 게이트 통과). 구는 미실측(10·11열 사유)
/api/v1/store/store-channel	POST	module-core/core-api/src/main/kotlin/legalcare/medilawyer/apis/http/store/controller/StoreController.kt:108	AUTHENTICATED	anyRequest().authenticated()	AUTHENTICATED	LegacyPathAuthPolicy (구 SecurityConfig.kt 규칙표 1:1)	일치	/api/v1/store/store-channel	401	미실측: 구는 컨트롤러가 실행된다(외부 실호출 0건 — 불변조건5)	401	404	401	LegacyHeaderTokenExtractor (Authorization 헤더 — 구 JwtAuthenticationFilter.kt:39 와 동일)	무토큰 구401=신401 일치 · 유효토큰 신404(게이트 통과) — 수정 전 401, 이 행이 CRITICAL 회귀분
/api/v1/store/store-channel/completed	POST	module-core/core-api/src/main/kotlin/legalcare/medilawyer/apis/http/store/controller/StoreController.kt:91	AUTHENTICATED	anyRequest().authenticated()	AUTHENTICATED	LegacyPathAuthPolicy (구 SecurityConfig.kt 규칙표 1:1)	일치	/api/v1/store/store-channel/completed	401	미실측: 구는 컨트롤러가 실행된다(외부 실호출 0건 — 불변조건5)	401	404	401	LegacyHeaderTokenExtractor (Authorization 헤더 — 구 JwtAuthenticationFilter.kt:39 와 동일)	무토큰 구401=신401 일치 · 유효토큰 신404(게이트 통과) — 수정 전 401, 이 행이 CRITICAL 회귀분
/api/v1/store/{storeId}	GET	module-core/core-api/src/main/kotlin/legalcare/medilawyer/apis/http/store/controller/StoreController.kt:66	PERMIT_ALL	GET /api/v1/store/*	PERMIT_ALL	LegacyPathAuthPolicy (구 SecurityConfig.kt 규칙표 1:1)	일치	/api/v1/store/1	미실측: 구는 컨트롤러가 실행된다(외부 실호출 0건 — 불변조건5)	미실측: 구는 컨트롤러가 실행된다(외부 실호출 0건 — 불변조건5)	404	404	404	LegacyHeaderTokenExtractor (Authorization 헤더 — 구 JwtAuthenticationFilter.kt:39 와 동일)	신 전수실측 무토큰404·유효토큰404(둘 다 비401 = 게이트 통과). 구는 미실측(10·11열 사유)
/api/v1/stores/check	GET	module-core/core-api/src/main/kotlin/legalcare/medilawyer/apis/http/store/controller/StoreController.kt:39	PERMIT_ALL	GET /api/v1/stores/check	PERMIT_ALL	LegacyPathAuthPolicy (구 SecurityConfig.kt 규칙표 1:1)	일치	/api/v1/stores/check	미실측: 구는 컨트롤러가 실행된다(외부 실호출 0건 — 불변조건5)	미실측: 구는 컨트롤러가 실행된다(외부 실호출 0건 — 불변조건5)	404	404	404	LegacyHeaderTokenExtractor (Authorization 헤더 — 구 JwtAuthenticationFilter.kt:39 와 동일)	신 전수실측 무토큰404·유효토큰404(둘 다 비401 = 게이트 통과). 구는 미실측(10·11열 사유)
/api/v1/stores/{storeId}/channels	GET	module-core/core-api/src/main/kotlin/legalcare/medilawyer/apis/http/store/controller/StoreController.kt:163	AUTHENTICATED	anyRequest().authenticated()	AUTHENTICATED	LegacyPathAuthPolicy (구 SecurityConfig.kt 규칙표 1:1)	일치	/api/v1/stores/1/channels	401	미실측: 구는 컨트롤러가 실행된다(외부 실호출 0건 — 불변조건5)	401	404	401	LegacyHeaderTokenExtractor (Authorization 헤더 — 구 JwtAuthenticationFilter.kt:39 와 동일)	무토큰 구401=신401 일치 · 유효토큰 신404(게이트 통과) — 수정 전 401, 이 행이 CRITICAL 회귀분
/api/v1/stores/{storeId}/channels/{channelId}/auth	POST	module-core/core-api/src/main/kotlin/legalcare/medilawyer/apis/http/store/controller/StoreController.kt:144	AUTHENTICATED	anyRequest().authenticated()	AUTHENTICATED	LegacyPathAuthPolicy (구 SecurityConfig.kt 규칙표 1:1)	일치	/api/v1/stores/1/channels/1/auth	401	미실측: 구는 컨트롤러가 실행된다(외부 실호출 0건 — 불변조건5)	401	404	401	LegacyHeaderTokenExtractor (Authorization 헤더 — 구 JwtAuthenticationFilter.kt:39 와 동일)	무토큰 구401=신401 일치 · 유효토큰 신404(게이트 통과) — 수정 전 401, 이 행이 CRITICAL 회귀분
/api/v1/stores/{storeId}/organization-team	GET	module-core/core-api/src/main/kotlin/legalcare/medilawyer/apis/http/store/controller/StoreController.kt:227	AUTHENTICATED	anyRequest().authenticated()	AUTHENTICATED	LegacyPathAuthPolicy (구 SecurityConfig.kt 규칙표 1:1)	일치	/api/v1/stores/1/organization-team	401	미실측: 구는 컨트롤러가 실행된다(외부 실호출 0건 — 불변조건5)	401	404	401	LegacyHeaderTokenExtractor (Authorization 헤더 — 구 JwtAuthenticationFilter.kt:39 와 동일)	무토큰 구401=신401 일치 · 유효토큰 신404(게이트 통과) — 수정 전 401, 이 행이 CRITICAL 회귀분
/api/v1/stores/{storeId}/posts/statistics	GET	module-core/core-api/src/main/kotlin/legalcare/medilawyer/apis/http/store/controller/StoreController.kt:178	PERMIT_ALL	GET /api/v1/stores/{storeId}/posts/statistics	PERMIT_ALL	LegacyPathAuthPolicy (구 SecurityConfig.kt 규칙표 1:1)	일치	/api/v1/stores/1/posts/statistics	미실측: 구는 컨트롤러가 실행된다(외부 실호출 0건 — 불변조건5)	미실측: 구는 컨트롤러가 실행된다(외부 실호출 0건 — 불변조건5)	404	404	404	LegacyHeaderTokenExtractor (Authorization 헤더 — 구 JwtAuthenticationFilter.kt:39 와 동일)	신 전수실측 무토큰404·유효토큰404(둘 다 비401 = 게이트 통과). 구는 미실측(10·11열 사유)
/api/v1/stores/{storeId}/posts/statistics/period-count	GET	module-core/core-api/src/main/kotlin/legalcare/medilawyer/apis/http/store/controller/StoreController.kt:207	PERMIT_ALL	GET /api/v1/stores/{storeId}/posts/statistics/period-count	PERMIT_ALL	LegacyPathAuthPolicy (구 SecurityConfig.kt 규칙표 1:1)	일치	/api/v1/stores/1/posts/statistics/period-count	미실측: 구는 컨트롤러가 실행된다(외부 실호출 0건 — 불변조건5)	미실측: 구는 컨트롤러가 실행된다(외부 실호출 0건 — 불변조건5)	404	404	404	LegacyHeaderTokenExtractor (Authorization 헤더 — 구 JwtAuthenticationFilter.kt:39 와 동일)	신 전수실측 무토큰404·유효토큰404(둘 다 비401 = 게이트 통과). 구는 미실측(10·11열 사유)
/api/v1/stores/{storeId}/team	GET	module-core/core-api/src/main/kotlin/legalcare/medilawyer/apis/http/store/controller/StoreController.kt:125	AUTHENTICATED	anyRequest().authenticated()	AUTHENTICATED	LegacyPathAuthPolicy (구 SecurityConfig.kt 규칙표 1:1)	일치	/api/v1/stores/1/team	401	미실측: 구는 컨트롤러가 실행된다(외부 실호출 0건 — 불변조건5)	401	404	401	LegacyHeaderTokenExtractor (Authorization 헤더 — 구 JwtAuthenticationFilter.kt:39 와 동일)	무토큰 구401=신401 일치 · 유효토큰 신404(게이트 통과) — 수정 전 401, 이 행이 CRITICAL 회귀분
/api/v1/team/averageScore/{teamId}	GET	module-core/core-api/src/main/kotlin/legalcare/medilawyer/apis/http/team/controller/TeamController.kt:37	PERMIT_ALL	GET /api/v1/team/**	PERMIT_ALL	LegacyPathAuthPolicy (구 SecurityConfig.kt 규칙표 1:1)	일치	/api/v1/team/averageScore/1	미실측: 구는 컨트롤러가 실행된다(외부 실호출 0건 — 불변조건5)	미실측: 구는 컨트롤러가 실행된다(외부 실호출 0건 — 불변조건5)	404	404	404	LegacyHeaderTokenExtractor (Authorization 헤더 — 구 JwtAuthenticationFilter.kt:39 와 동일)	신 전수실측 무토큰404·유효토큰404(둘 다 비401 = 게이트 통과). 구는 미실측(10·11열 사유)
/api/v1/team/keyword/{teamId}	GET	module-core/core-api/src/main/kotlin/legalcare/medilawyer/apis/http/team/controller/TeamController.kt:32	PERMIT_ALL	GET /api/v1/team/**	PERMIT_ALL	LegacyPathAuthPolicy (구 SecurityConfig.kt 규칙표 1:1)	일치	/api/v1/team/keyword/1	미실측: 구는 컨트롤러가 실행된다(외부 실호출 0건 — 불변조건5)	미실측: 구는 컨트롤러가 실행된다(외부 실호출 0건 — 불변조건5)	404	404	404	LegacyHeaderTokenExtractor (Authorization 헤더 — 구 JwtAuthenticationFilter.kt:39 와 동일)	신 전수실측 무토큰404·유효토큰404(둘 다 비401 = 게이트 통과). 구는 미실측(10·11열 사유)
/api/v1/team/messageCount/{teamId}	GET	module-core/core-api/src/main/kotlin/legalcare/medilawyer/apis/http/team/controller/TeamController.kt:42	PERMIT_ALL	GET /api/v1/team/**	PERMIT_ALL	LegacyPathAuthPolicy (구 SecurityConfig.kt 규칙표 1:1)	일치	/api/v1/team/messageCount/1	미실측: 구는 컨트롤러가 실행된다(외부 실호출 0건 — 불변조건5)	미실측: 구는 컨트롤러가 실행된다(외부 실호출 0건 — 불변조건5)	404	404	404	LegacyHeaderTokenExtractor (Authorization 헤더 — 구 JwtAuthenticationFilter.kt:39 와 동일)	신 전수실측 무토큰404·유효토큰404(둘 다 비401 = 게이트 통과). 구는 미실측(10·11열 사유)
/api/v1/team/presentCount/{teamId}	GET	module-core/core-api/src/main/kotlin/legalcare/medilawyer/apis/http/team/controller/TeamController.kt:52	PERMIT_ALL	GET /api/v1/team/**	PERMIT_ALL	LegacyPathAuthPolicy (구 SecurityConfig.kt 규칙표 1:1)	일치	/api/v1/team/presentCount/1	미실측: 구는 컨트롤러가 실행된다(외부 실호출 0건 — 불변조건5)	미실측: 구는 컨트롤러가 실행된다(외부 실호출 0건 — 불변조건5)	404	404	404	LegacyHeaderTokenExtractor (Authorization 헤더 — 구 JwtAuthenticationFilter.kt:39 와 동일)	신 전수실측 무토큰404·유효토큰404(둘 다 비401 = 게이트 통과). 구는 미실측(10·11열 사유)
/api/v1/team/presentHistories/{teamId}	GET	module-core/core-api/src/main/kotlin/legalcare/medilawyer/apis/http/team/controller/TeamController.kt:57	PERMIT_ALL	GET /api/v1/team/**	PERMIT_ALL	LegacyPathAuthPolicy (구 SecurityConfig.kt 규칙표 1:1)	일치	/api/v1/team/presentHistories/1	미실측: 구는 컨트롤러가 실행된다(외부 실호출 0건 — 불변조건5)	미실측: 구는 컨트롤러가 실행된다(외부 실호출 0건 — 불변조건5)	404	404	404	LegacyHeaderTokenExtractor (Authorization 헤더 — 구 JwtAuthenticationFilter.kt:39 와 동일)	신 전수실측 무토큰404·유효토큰404(둘 다 비401 = 게이트 통과). 구는 미실측(10·11열 사유)
/api/v1/team/presentHistories/{teamId}/excel	GET	module-core/core-api/src/main/kotlin/legalcare/medilawyer/apis/http/team/controller/TeamController.kt:70	PERMIT_ALL	GET /api/v1/team/**	PERMIT_ALL	LegacyPathAuthPolicy (구 SecurityConfig.kt 규칙표 1:1)	일치	/api/v1/team/presentHistories/1/excel	미실측: 구는 컨트롤러가 실행된다(외부 실호출 0건 — 불변조건5)	미실측: 구는 컨트롤러가 실행된다(외부 실호출 0건 — 불변조건5)	404	404	404	LegacyHeaderTokenExtractor (Authorization 헤더 — 구 JwtAuthenticationFilter.kt:39 와 동일)	신 전수실측 무토큰404·유효토큰404(둘 다 비401 = 게이트 통과). 구는 미실측(10·11열 사유)
/api/v1/team/reviewWriteRate/{teamId}	GET	module-core/core-api/src/main/kotlin/legalcare/medilawyer/apis/http/team/controller/TeamController.kt:47	PERMIT_ALL	GET /api/v1/team/**	PERMIT_ALL	LegacyPathAuthPolicy (구 SecurityConfig.kt 규칙표 1:1)	일치	/api/v1/team/reviewWriteRate/1	미실측: 구는 컨트롤러가 실행된다(외부 실호출 0건 — 불변조건5)	미실측: 구는 컨트롤러가 실행된다(외부 실호출 0건 — 불변조건5)	404	404	404	LegacyHeaderTokenExtractor (Authorization 헤더 — 구 JwtAuthenticationFilter.kt:39 와 동일)	신 전수실측 무토큰404·유효토큰404(둘 다 비401 = 게이트 통과). 구는 미실측(10·11열 사유)
/api/v1/users/me/stores	GET	module-core/core-api/src/main/kotlin/legalcare/medilawyer/apis/http/appUser/controller/AppUserController.kt:50	AUTHENTICATED	anyRequest().authenticated()	AUTHENTICATED	LegacyPathAuthPolicy (구 SecurityConfig.kt 규칙표 1:1)	일치	/api/v1/users/me/stores	401	200	401	404	401	LegacyHeaderTokenExtractor (Authorization 헤더 — 구 JwtAuthenticationFilter.kt:39 와 동일)	무토큰 구401=신401 · 유효토큰 구200/신404(게이트 통과, 핸들러는 P1~P4) — 수정 전 401
/api/v2/boost1/organizations/{organizationId}/teams/{teamId}/messages	POST	module-core/core-api/src/main/kotlin/legalcare/medilawyer/apis/reviewBoost/v2/controller/ReviewBoostV2Controller.kt:22	AUTHENTICATED	anyRequest().authenticated()	AUTHENTICATED	bypass.url 부분문자열 불일치 -> 토큰 필요 (기존 동작 무변경)	일치	/api/v2/boost1/organizations/1/teams/1/messages	401	미실측: 구는 컨트롤러가 실행된다(외부 실호출 0건 — 불변조건5)	401	401	401	CookieTokenExtractor (쿠키 accessToken — 기존 동작 무변경)	무토큰 구401=신401 일치 · 유효토큰 신401(쿠키 출처 유지 — 소유 범위 밖, 수정 전 401 과 동일)
/internal/admin/web/review-boost/request-settings/statuses	POST	module-core/core-api/src/main/kotlin/legalcare/medilawyer/apis/internal/controller/InternalAdminWebController.kt:52	PERMIT_ALL	POST /internal/admin/web/**	BLOCKED_403	InternalAccessBlockFilter (T14, HIGHEST_PRECEDENCE) — 인증 이전에 403	의도적 불일치(P4)	/internal/admin/web/review-boost/request-settings/statuses	미실측: 구는 컨트롤러가 실행된다(외부 실호출 0건 — 불변조건5)	미실측: 구는 컨트롤러가 실행된다(외부 실호출 0건 — 불변조건5)	403	403	403	CookieTokenExtractor (쿠키 accessToken — 기존 동작 무변경)	신 전수실측 403(무토큰·유효토큰 동일, 수정 전후 불변) — 의도적 불일치(P4). 구는 미실측(10·11열 사유)
/internal/admin/web/review-boost/stores/{storeId}/hospital-message-template	POST	module-core/core-api/src/main/kotlin/legalcare/medilawyer/apis/internal/controller/InternalAdminWebController.kt:60	PERMIT_ALL	POST /internal/admin/web/**	BLOCKED_403	InternalAccessBlockFilter (T14, HIGHEST_PRECEDENCE) — 인증 이전에 403	의도적 불일치(P4)	/internal/admin/web/review-boost/stores/1/hospital-message-template	미실측: 구는 컨트롤러가 실행된다(외부 실호출 0건 — 불변조건5)	미실측: 구는 컨트롤러가 실행된다(외부 실호출 0건 — 불변조건5)	403	403	403	CookieTokenExtractor (쿠키 accessToken — 기존 동작 무변경)	신 전수실측 403(무토큰·유효토큰 동일, 수정 전후 불변) — 의도적 불일치(P4). 구는 미실측(10·11열 사유)
/internal/admin/web/review-boost/team-message-templates	POST	module-core/core-api/src/main/kotlin/legalcare/medilawyer/apis/internal/controller/InternalAdminWebController.kt:45	PERMIT_ALL	POST /internal/admin/web/**	BLOCKED_403	InternalAccessBlockFilter (T14, HIGHEST_PRECEDENCE) — 인증 이전에 403	의도적 불일치(P4)	/internal/admin/web/review-boost/team-message-templates	미실측: 구는 컨트롤러가 실행된다(외부 실호출 0건 — 불변조건5)	미실측: 구는 컨트롤러가 실행된다(외부 실호출 0건 — 불변조건5)	403	403	403	CookieTokenExtractor (쿠키 accessToken — 기존 동작 무변경)	신 전수실측 403(무토큰·유효토큰 동일, 수정 전후 불변) — 의도적 불일치(P4). 구는 미실측(10·11열 사유)
/internal/admin/web/stores/{storeId}/organization-team	GET	module-core/core-api/src/main/kotlin/legalcare/medilawyer/apis/internal/controller/InternalAdminWebController.kt:31	PERMIT_ALL	GET /internal/admin/web/**	BLOCKED_403	InternalAccessBlockFilter (T14, HIGHEST_PRECEDENCE) — 인증 이전에 403	의도적 불일치(P4)	/internal/admin/web/stores/1/organization-team	미실측: 구는 컨트롤러가 실행된다(외부 실호출 0건 — 불변조건5)	미실측: 구는 컨트롤러가 실행된다(외부 실호출 0건 — 불변조건5)	403	403	403	CookieTokenExtractor (쿠키 accessToken — 기존 동작 무변경)	신 전수실측 403(무토큰·유효토큰 동일, 수정 전후 불변) — 의도적 불일치(P4). 구는 미실측(10·11열 사유)
/internal/admin/web/teams/{teamId}/message-templates	GET	module-core/core-api/src/main/kotlin/legalcare/medilawyer/apis/internal/controller/InternalAdminWebController.kt:38	PERMIT_ALL	GET /internal/admin/web/**	BLOCKED_403	InternalAccessBlockFilter (T14, HIGHEST_PRECEDENCE) — 인증 이전에 403	의도적 불일치(P4)	/internal/admin/web/teams/1/message-templates	미실측: 구는 컨트롤러가 실행된다(외부 실호출 0건 — 불변조건5)	미실측: 구는 컨트롤러가 실행된다(외부 실호출 0건 — 불변조건5)	403	403	403	CookieTokenExtractor (쿠키 accessToken — 기존 동작 무변경)	신 전수실측 403(무토큰·유효토큰 동일, 수정 전후 불변) — 의도적 불일치(P4). 구는 미실측(10·11열 사유)
/internal/crawling/review-boost/stores/{storeId}/messages	POST	module-core/core-api/src/main/kotlin/legalcare/medilawyer/apis/internal/controller/InternalCrawlingReviewBoostController.kt:22	PERMIT_ALL	POST /internal/crawling/review-boost/stores/{storeId}/messages	BLOCKED_403	InternalAccessBlockFilter (T14, HIGHEST_PRECEDENCE) — 인증 이전에 403	의도적 불일치(P4)	/internal/crawling/review-boost/stores/1/messages	미실측: 구는 컨트롤러가 실행된다(외부 실호출 0건 — 불변조건5)	미실측: 구는 컨트롤러가 실행된다(외부 실호출 0건 — 불변조건5)	403	403	403	CookieTokenExtractor (쿠키 accessToken — 기존 동작 무변경)	신 전수실측 403(무토큰·유효토큰 동일, 수정 전후 불변) — 의도적 불일치(P4). 구는 미실측(10·11열 사유)
/internal/product/review-boost/stores/{storeId}/request-setting	PUT	module-core/core-api/src/main/kotlin/legalcare/medilawyer/apis/internal/controller/InternalProductReviewBoostController.kt:15	PERMIT_ALL	PUT /internal/product/review-boost/stores/{storeId}/request-setting	BLOCKED_403	InternalAccessBlockFilter (T14, HIGHEST_PRECEDENCE) — 인증 이전에 403	의도적 불일치(P4)	/internal/product/review-boost/stores/1/request-setting	미실측: 구는 컨트롤러가 실행된다(외부 실호출 0건 — 불변조건5)	미실측: 구는 컨트롤러가 실행된다(외부 실호출 0건 — 불변조건5)	403	403	403	CookieTokenExtractor (쿠키 accessToken — 기존 동작 무변경)	신 전수실측 403(무토큰·유효토큰 동일, 수정 전후 불변) — 의도적 불일치(P4). 구는 미실측(10·11열 사유)
/internal/reviewed/auth-bypass	POST	module-core/core-api/src/main/kotlin/legalcare/medilawyer/apis/internal/controller/InternalReviewedHospitalController.kt:53	PERMIT_ALL	POST /internal/reviewed/auth-bypass	BLOCKED_403	InternalAccessBlockFilter (T14, HIGHEST_PRECEDENCE) — 인증 이전에 403	의도적 불일치(P4)	/internal/reviewed/auth-bypass	미실측: 구는 컨트롤러가 실행된다(외부 실호출 0건 — 불변조건5)	미실측: 구는 컨트롤러가 실행된다(외부 실호출 0건 — 불변조건5)	403	403	403	CookieTokenExtractor (쿠키 accessToken — 기존 동작 무변경)	신 전수실측 403(무토큰·유효토큰 동일, 수정 전후 불변) — 의도적 불일치(P4). 구는 미실측(10·11열 사유)
/internal/reviewed/auth-bypass/app-users	GET	module-core/core-api/src/main/kotlin/legalcare/medilawyer/apis/internal/controller/InternalReviewedHospitalController.kt:46	PERMIT_ALL	GET /internal/reviewed/auth-bypass/app-users	BLOCKED_403	InternalAccessBlockFilter (T14, HIGHEST_PRECEDENCE) — 인증 이전에 403	의도적 불일치(P4)	/internal/reviewed/auth-bypass/app-users	미실측: 구는 컨트롤러가 실행된다(외부 실호출 0건 — 불변조건5)	미실측: 구는 컨트롤러가 실행된다(외부 실호출 0건 — 불변조건5)	403	403	403	CookieTokenExtractor (쿠키 accessToken — 기존 동작 무변경)	신 전수실측 403(무토큰·유효토큰 동일, 수정 전후 불변) — 의도적 불일치(P4). 구는 미실측(10·11열 사유)
/internal/reviewed/auth-bypass/stores	GET	module-core/core-api/src/main/kotlin/legalcare/medilawyer/apis/internal/controller/InternalReviewedHospitalController.kt:39	PERMIT_ALL	GET /internal/reviewed/auth-bypass/stores	BLOCKED_403	InternalAccessBlockFilter (T14, HIGHEST_PRECEDENCE) — 인증 이전에 403	의도적 불일치(P4)	/internal/reviewed/auth-bypass/stores	미실측: 구는 컨트롤러가 실행된다(외부 실호출 0건 — 불변조건5)	미실측: 구는 컨트롤러가 실행된다(외부 실호출 0건 — 불변조건5)	403	403	403	CookieTokenExtractor (쿠키 accessToken — 기존 동작 무변경)	신 전수실측 403(무토큰·유효토큰 동일, 수정 전후 불변) — 의도적 불일치(P4). 구는 미실측(10·11열 사유)
/internal/reviewed/customers	GET	module-core/core-api/src/main/kotlin/legalcare/medilawyer/apis/internal/controller/InternalReviewedHospitalController.kt:34	PERMIT_ALL	GET /internal/reviewed/customers	BLOCKED_403	InternalAccessBlockFilter (T14, HIGHEST_PRECEDENCE) — 인증 이전에 403	의도적 불일치(P4)	/internal/reviewed/customers	미실측: 구는 컨트롤러가 실행된다(외부 실호출 0건 — 불변조건5)	미실측: 구는 컨트롤러가 실행된다(외부 실호출 0건 — 불변조건5)	403	403	403	CookieTokenExtractor (쿠키 accessToken — 기존 동작 무변경)	신 전수실측 403(무토큰·유효토큰 동일, 수정 전후 불변) — 의도적 불일치(P4). 구는 미실측(10·11열 사유)
/internal/reviewed/hospital/store/register	POST	module-core/core-api/src/main/kotlin/legalcare/medilawyer/apis/internal/controller/InternalReviewedHospitalController.kt:29	PERMIT_ALL	POST /internal/reviewed/hospital/store/register	BLOCKED_403	InternalAccessBlockFilter (T14, HIGHEST_PRECEDENCE) — 인증 이전에 403	의도적 불일치(P4)	/internal/reviewed/hospital/store/register	미실측: 구는 컨트롤러가 실행된다(외부 실호출 0건 — 불변조건5)	미실측: 구는 컨트롤러가 실행된다(외부 실호출 0건 — 불변조건5)	403	403	403	CookieTokenExtractor (쿠키 accessToken — 기존 동작 무변경)	신 전수실측 403(무토큰·유효토큰 동일, 수정 전후 불변) — 의도적 불일치(P4). 구는 미실측(10·11열 사유)
/internal/reviewed/review-boost/google-place	POST	module-core/core-api/src/main/kotlin/legalcare/medilawyer/apis/internal/controller/InternalReviewedHospitalController.kt:67	PERMIT_ALL	POST /internal/reviewed/review-boost/google-place	BLOCKED_403	InternalAccessBlockFilter (T14, HIGHEST_PRECEDENCE) — 인증 이전에 403	의도적 불일치(P4)	/internal/reviewed/review-boost/google-place	미실측: 구는 컨트롤러가 실행된다(외부 실호출 0건 — 불변조건5)	미실측: 구는 컨트롤러가 실행된다(외부 실호출 0건 — 불변조건5)	403	403	403	CookieTokenExtractor (쿠키 accessToken — 기존 동작 무변경)	신 전수실측 403(무토큰·유효토큰 동일, 수정 전후 불변) — 의도적 불일치(P4). 구는 미실측(10·11열 사유)
/internal/reviewed/review-boost/google-place/statuses	POST	module-core/core-api/src/main/kotlin/legalcare/medilawyer/apis/internal/controller/InternalReviewedHospitalController.kt:60	PERMIT_ALL	POST /internal/reviewed/review-boost/google-place/statuses	BLOCKED_403	InternalAccessBlockFilter (T14, HIGHEST_PRECEDENCE) — 인증 이전에 403	의도적 불일치(P4)	/internal/reviewed/review-boost/google-place/statuses	미실측: 구는 컨트롤러가 실행된다(외부 실호출 0건 — 불변조건5)	미실측: 구는 컨트롤러가 실행된다(외부 실호출 0건 — 불변조건5)	403	403	403	CookieTokenExtractor (쿠키 accessToken — 기존 동작 무변경)	신 전수실측 403(무토큰·유효토큰 동일, 수정 전후 불변) — 의도적 불일치(P4). 구는 미실측(10·11열 사유)
