HTTP	경로	구 위치	컨트롤러	인증경계(구 SecurityConfig)	쓰기여부	외부호출(폐포)	접촉 테이블	신규PG 부재 교차	이식상태
POST	/api/v1/organizations	apis/http/organization/controller/OrganizationController.kt:47	OrganizationController	authenticated	쓰기	ML·메일·외부검색	team_auth,team,organization,organization_app_user,app_user	없음	이식완료(P2-B)
PATCH	/api/v1/organization/{organizationId}	apis/http/organization/controller/OrganizationController.kt:64	OrganizationController	authenticated	쓰기	ML·메일·외부검색	organization,app_user	없음	이식완료(P2-B)
GET	/api/v1/organizations/{organizationId}/users	apis/http/organization/controller/OrganizationController.kt:82	OrganizationController	authenticated	읽기	ML·메일·외부검색	organization_app_user,app_user,team_app_user,team,store	없음	이식완료(P2-B)
GET	/api/v1/organizations/{organizationId}/teams/{teamId}/users	apis/http/organization/controller/OrganizationController.kt:107	OrganizationController	authenticated	읽기	ML·메일·외부검색	team_app_user,team,store,app_user,organization_app_user	없음	이식완료(P2-B)
POST	/api/v1/organizations/{organizationId}/teams	apis/http/organization/controller/OrganizationController.kt:132	OrganizationController	authenticated	쓰기	ML·메일·외부검색	team_auth,team,organization,organization_app_user,store,store_channel,team_channel_account,team_app_user,app_user	없음	이식완료(P2-B)
GET	/api/v1/organizations/{organizationId}	apis/http/organization/controller/OrganizationController.kt:152	OrganizationController	authenticated	읽기	ML·메일·외부검색	organization,organization_app_user,app_user	없음	이식완료(P2-B)
GET	/api/v1/organizations/{organizationId}/teams	apis/http/organization/controller/OrganizationController.kt:169	OrganizationController	authenticated	읽기	ML·메일·외부검색	team,store,team_app_user,organization_app_user,app_user	없음	이식완료(P2-B)
DELETE	/api/v1/organizations/{organizationId}/teams/{teamId}	apis/http/organization/controller/OrganizationController.kt:187	OrganizationController	authenticated	쓰기	ML·메일·외부검색	team,store,team_channel_account,team_app_user,app_user	없음	이식완료(P2-B)
PATCH	/api/v1/organizations/{organizationId}/users/{targetUserId}/role	apis/http/organization/controller/OrganizationController.kt:207	OrganizationController	authenticated	쓰기	ML·메일·외부검색	organization_app_user,app_user	없음	이식완료(P2-B)
PATCH	/api/v1/organizations/{organizationId}/teams/users/{targetUserId}/permission	apis/http/organization/controller/OrganizationController.kt:226	OrganizationController	authenticated	쓰기	ML·메일·외부검색	organization_app_user,team_app_user,team,store,store_channel,app_user	없음	이식완료(P2-B)
POST	/api/v1/organizations/{organizationId}/invitations	apis/http/organization/controller/OrganizationController.kt:244	OrganizationController	permitAll(/api/v1/organizations/{organizationId}/invitations)	쓰기	ML·메일·외부검색	organization,app_user,organization_app_user,team,store,team_app_user,token	없음	이식완료(P2-B)
GET	/api/v1/organizations/{organizationId}/invitations/{invitationToken}	apis/http/organization/controller/OrganizationController.kt:264	OrganizationController	permitAll(/api/v1/organizations/{organizationId}/invitations/{token})	읽기	ML·메일·외부검색	app_user,organization_app_user,organization	없음	이식완료(P2-B)
POST	/api/v1/organizations/{organizationId}/invitations/{invitationToken}/accept	apis/http/organization/controller/OrganizationController.kt:278	OrganizationController	permitAll(/api/v1/organizations/{organizationId}/invitations/{invitationToken}/accept)	쓰기	ML·메일·외부검색	app_user,organization_app_user	없음	이식완료(P2-B)
POST	/api/v1/organizations/{organizationId}/teams/{teamId}/users/{targetUserId}	apis/http/organization/controller/OrganizationController.kt:292	OrganizationController	authenticated	쓰기	ML·메일·외부검색	team,store,organization_app_user,team_app_user,app_user	없음	이식완료(P2-B)
DELETE	/api/v1/organizations/{organizationId}/users/{targetAppUserId}	apis/http/organization/controller/OrganizationController.kt:313	OrganizationController	authenticated	쓰기	ML·메일·외부검색	organization_app_user,team_app_user,team,app_user	없음	이식완료(P2-B)
DELETE	/api/v1/organizations/{organizationId}/teams/{teamId}/users/{targetAppUserId}	apis/http/organization/controller/OrganizationController.kt:332	OrganizationController	authenticated	쓰기	ML·메일·외부검색	organization_app_user,team_app_user,app_user	없음	이식완료(P2-B)
GET	/api/v1/organizations/{organizationId}/teams/{teamId}/channel-accounts	apis/http/organization/controller/OrganizationController.kt:353	OrganizationController	authenticated	읽기	ML·메일·외부검색	team_channel_account,app_user	없음	이식완료(P2-B)
POST	/api/v1/organizations/{organizationId}/teams/{teamId}/channel-accounts/login	apis/http/organization/controller/OrganizationController.kt:369	OrganizationController	authenticated	쓰기	ML·메일·외부검색	team,store,team_channel_account,app_user	없음	이식완료(P2-B)
POST	/api/v1/organizations/{organizationId}/teams/{teamId}/channel-accounts/kakao/sms	apis/http/organization/controller/OrganizationController.kt:394	OrganizationController	authenticated	쓰기	ML·메일·외부검색	team,store,team_channel_account,app_user	없음	이식완료(P2-B)
POST	/api/v1/organizations/{organizationId}/teams/{teamId}/channel-accounts/naver/captcha	apis/http/organization/controller/OrganizationController.kt:418	OrganizationController	authenticated	쓰기	ML·메일·외부검색	team,store,team_channel_account,app_user	없음	이식완료(P2-B)
POST	/api/v1/organizations/{organizationId}/teams/{teamId}/channel-accounts/relogin	apis/http/organization/controller/OrganizationController.kt:441	OrganizationController	authenticated	쓰기	ML·메일·외부검색	team_channel_account,team,app_user	없음	이식완료(P2-B)
GET	/api/v1/team/keyword/{teamId}	apis/http/team/controller/TeamController.kt:32	TeamController	permitAll(/api/v1/team/**)	읽기	없음	boost_message,post	없음	이식완료(P2-D)
GET	/api/v1/team/averageScore/{teamId}	apis/http/team/controller/TeamController.kt:37	TeamController	permitAll(/api/v1/team/**)	읽기	없음	boost_message,post	없음	이식완료(P2-D)
GET	/api/v1/team/messageCount/{teamId}	apis/http/team/controller/TeamController.kt:42	TeamController	permitAll(/api/v1/team/**)	읽기	없음	boost_message	없음	이식완료(P2-D)
GET	/api/v1/team/reviewWriteRate/{teamId}	apis/http/team/controller/TeamController.kt:47	TeamController	permitAll(/api/v1/team/**)	읽기	없음	boost_message,post	없음	이식완료(P2-D)
GET	/api/v1/team/presentCount/{teamId}	apis/http/team/controller/TeamController.kt:52	TeamController	permitAll(/api/v1/team/**)	읽기	없음	boost_present_order,boost_message	없음	이식완료(P2-D)
GET	/api/v1/team/presentHistories/{teamId}	apis/http/team/controller/TeamController.kt:57	TeamController	permitAll(/api/v1/team/**)	읽기	없음	boost_present_order,boost_message,boost_present,boost_present_ledger	없음	이식완료(P2-D)
GET	/api/v1/team/presentHistories/{teamId}/excel	apis/http/team/controller/TeamController.kt:70	TeamController	permitAll(/api/v1/team/**)	읽기	없음	boost_present_order,boost_message,boost_present,boost_present_ledger	없음	이식완료(P2-D)
POST	/api/v1/products/{productName}/purchases	apis/http/productPost/controller/ProductController.kt:30	ProductController	authenticated	쓰기	Kafka	app_user,organization,team,store,product,product_post,post,store_channel,thread,community	없음	이식완료(P2-D)
GET	/api/v1/stores/check	apis/http/store/controller/StoreController.kt:39	StoreController	permitAll(/api/v1/stores/check)	읽기	Kafka·ML·메일·스케줄러·알림톡·외부검색	store,store_channel,app_user(조건부)	없음	이식완료(P2-D)
GET	/api/v1/store/search	apis/http/store/controller/StoreController.kt:52	StoreController	permitAll(/api/v1/store/*)	읽기	Kafka·ML·메일·스케줄러·알림톡·외부검색	store,store_channel,app_user(조건부)	없음	이식완료(P2-D)
GET	/api/v1/store/{storeId}	apis/http/store/controller/StoreController.kt:66	StoreController	permitAll(/api/v1/store/*)	읽기	Kafka·ML·메일·스케줄러·알림톡·외부검색	store,store_channel,app_user(조건부)	없음	이식완료(P2-D)
POST	/api/v1/store/register	apis/http/store/controller/StoreController.kt:78	StoreController	permitAll(/api/v1/store/register)	쓰기	Kafka·ML·메일·스케줄러·알림톡·외부검색	store,store_channel,app_user(조건부)	없음	이식완료(P2-D)
POST	/api/v1/store/store-channel/completed	apis/http/store/controller/StoreController.kt:91	StoreController	authenticated	쓰기	Kafka·ML·메일·스케줄러·알림톡·외부검색	store_channel,store,crawling_fail_log,app_user_store,app_user	crawling_fail_log	이식완료(P2-D)
POST	/api/v1/store/store-channel	apis/http/store/controller/StoreController.kt:108	StoreController	authenticated	쓰기	Kafka·ML·메일·스케줄러·알림톡·외부검색	store,store_channel,app_user	없음	이식완료(P2-D)
GET	/api/v1/stores/{storeId}/team	apis/http/store/controller/StoreController.kt:125	StoreController	authenticated	읽기	Kafka·ML·메일·스케줄러·알림톡·외부검색	team,app_user	없음	이식완료(P2-D)
POST	/api/v1/stores/{storeId}/channels/{channelId}/auth	apis/http/store/controller/StoreController.kt:144	StoreController	authenticated	쓰기	Kafka·ML·메일·스케줄러·알림톡·외부검색	team,store,store_channel,team_auth_bypass,team_auth,app_user	없음	이식완료(P2-D)
GET	/api/v1/stores/{storeId}/channels	apis/http/store/controller/StoreController.kt:163	StoreController	authenticated	읽기	Kafka·ML·메일·스케줄러·알림톡·외부검색	app_user_store,store,store_channel,app_user	없음	이식완료(P2-D)
GET	/api/v1/stores/{storeId}/posts/statistics	apis/http/store/controller/StoreController.kt:178	StoreController	permitAll(/api/v1/stores/{storeId}/posts/statistics)	읽기	Kafka·ML·메일·스케줄러·알림톡·외부검색	post,store_channel,store,post_reply_ai_recommend,post_word,post_reply,product_post,app_user,team(조건부)	없음	이식완료(P2-D)
GET	/api/v1/stores/{storeId}/posts/statistics/period-count	apis/http/store/controller/StoreController.kt:207	StoreController	permitAll(/api/v1/stores/{storeId}/posts/statistics/period-count)	읽기	Kafka·ML·메일·스케줄러·알림톡·외부검색	store_channel,post,app_user(조건부)	없음	이식완료(P2-D)
GET	/api/v1/stores/{storeId}/organization-team	apis/http/store/controller/StoreController.kt:227	StoreController	authenticated	읽기	Kafka·ML·메일·스케줄러·알림톡·외부검색	team,store,organization,app_user	없음	이식완료(P2-D)
GET	/api/v1/app-users/me	apis/http/appUser/controller/AppUserController.kt:36	AppUserController	authenticated	읽기	없음	app_user	없음	이식완료(P2-A)
GET	/api/v1/users/me/stores	apis/http/appUser/controller/AppUserController.kt:50	AppUserController	authenticated	읽기	없음	app_user,app_user_store,store,organization_app_user,organization,team_app_user,team	없음	이식완료(P2-A)
GET	/api/v1/app-user-store/list	apis/http/appUserStore/controller/AppUserStoreController.kt:41	AppUserStoreController	authenticated	읽기	ML	app_user_store,store,store_channel,app_user	없음	이식완료(P2-C)
PATCH	/api/v1/app-user-store/match	apis/http/appUserStore/controller/AppUserStoreController.kt:56	AppUserStoreController	authenticated	쓰기	ML	store,store_channel,app_user_store,app_user_channel_account,app_user	app_user_channel_account	이식완료(P2-C)
GET	/api/v1/app-user-channel-account/list	apis/http/appUserChannelAccount/controller/AppUserChannelAccountController.kt:31	AppUserChannelAccountController	authenticated	읽기	ML	app_user_channel_account,app_user	app_user_channel_account	이식완료(P2-C)
POST	/api/v1/app-user-channel-account/login	apis/http/appUserChannelAccount/controller/AppUserChannelAccountController.kt:45	AppUserChannelAccountController	authenticated	쓰기	ML	app_user_channel_account,app_user	app_user_channel_account	이식완료(P2-C)
POST	/api/v1/app-user-channel-account/login/kakao/sms	apis/http/appUserChannelAccount/controller/AppUserChannelAccountController.kt:67	AppUserChannelAccountController	authenticated	쓰기	ML	app_user_channel_account,app_user	app_user_channel_account	이식완료(P2-C)
POST	/api/v1/app-user-channel-account/relogin	apis/http/appUserChannelAccount/controller/AppUserChannelAccountController.kt:90	AppUserChannelAccountController	authenticated	쓰기	ML	app_user_channel_account,app_user	app_user_channel_account	이식완료(P2-C)
POST	/api/v1/notice	notice/api/controller/NoticeController.kt:36	NoticeController	authenticated	쓰기	알림톡	app_user	없음	이식완료(P2-D)
POST	/api/v1/negative-review-alimtalk	notice/api/controller/NoticeController.kt:64	NoticeController	authenticated	쓰기	알림톡	app_user,app_user_store,store,store_channel	없음	이식완료(P2-D)
